trade_date,contract_code,root,instrument_id,settle,stat_flags
2015-01-02,ZNU15,ZNU,326771,126.0,0
2015-01-05,ZNU15,ZNU,326771,126.640625,0
2015-01-06,ZNU15,ZNU,326771,127.25,0
2015-01-07,ZNU15,ZNU,326771,127.375,0
2015-01-08,ZNU15,ZNU,326771,127.0,0
2015-01-09,ZNU15,ZNU,326771,127.484375,0
2015-01-12,ZNU15,ZNU,326771,128.0,0
2015-01-13,ZNU15,ZNU,326771,128.25,0
2015-01-14,ZNU15,ZNU,326771,128.703125,0
2015-01-15,ZNU15,ZNU,326771,129.3125,0
2015-01-16,ZNU15,ZNU,326771,128.84375,0
2015-01-20,ZNU15,ZNU,326771,128.859375,0
2015-01-21,ZNU15,ZNU,326771,128.421875,0
2015-01-22,ZNU15,ZNU,326771,128.09375,0
2015-01-23,ZNU15,ZNU,326771,128.6875,0
2015-01-26,ZNU15,ZNU,326771,128.5,0
2015-01-27,ZNU15,ZNU,326771,128.640625,0
2015-01-28,ZNU15,ZNU,326771,129.484375,0
2015-01-29,ZNU15,ZNU,326771,129.203125,0
2015-01-30,ZNU15,ZNU,326771,129.9375,0
2015-02-02,ZNU15,ZNU,326771,129.96875,0
2015-02-03,ZNU15,ZNU,326771,129.078125,0
2015-02-04,ZNU15,ZNU,326771,129.0,0
2015-02-05,ZNU15,ZNU,326771,128.859375,0
2015-02-06,ZNU15,ZNU,326771,127.6875,0
2015-02-09,ZNU15,ZNU,326771,127.5625,0
2015-02-10,ZNU15,ZNU,326771,127.296875,0
2015-02-11,ZNU15,ZNU,326771,127.3125,0
2015-02-12,ZNU15,ZNU,326771,127.359375,0
2015-02-13,ZNU15,ZNU,326771,127.1875,0
2015-02-17,ZNU15,ZNU,326771,126.125,0
2015-02-18,ZNU15,ZNU,326771,126.90625,0
2015-02-19,ZNU15,ZNU,326771,126.453125,0
2015-02-20,ZNU15,ZNU,326771,126.28125,0
2015-02-23,ZNU15,ZNU,326771,126.921875,0
2015-02-24,ZNU15,ZNU,326771,127.625,0
2015-02-25,ZNU15,ZNU,326771,127.671875,0
2015-02-26,ZNU15,ZNU,326771,127.21875,0
2015-02-27,ZNU15,ZNU,326771,127.375,0
2015-03-02,ZNU15,ZNU,326771,126.703125,0
2015-03-03,ZNU15,ZNU,326771,126.390625,0
2015-03-04,ZNU15,ZNU,326771,126.484375,0
2015-03-05,ZNU15,ZNU,326771,126.640625,0
2015-03-06,ZNU15,ZNU,326771,125.640625,0
2015-03-09,ZNU15,ZNU,326771,126.0,0
2015-03-10,ZNU15,ZNU,326771,126.5,0
2015-03-11,ZNU15,ZNU,326771,126.390625,0
2015-03-12,ZNU15,ZNU,326771,126.609375,0
2015-03-13,ZNU15,ZNU,326771,126.515625,0
2015-03-16,ZNU15,ZNU,326771,126.625,0
2015-03-17,ZNU15,ZNU,326771,126.90625,0
2015-03-18,ZNU15,ZNU,326771,127.96875,0
2015-03-19,ZNU15,ZNU,326771,127.625,0
2015-03-20,ZNU15,ZNU,326771,128.0,0
2015-03-23,ZNU15,ZNU,326771,128.15625,0
2015-03-24,ZNU15,ZNU,326771,128.3125,0
2015-03-25,ZNU15,ZNU,326771,128.03125,0
2015-03-26,ZNU15,ZNU,326771,127.796875,0
2015-03-27,ZNU15,ZNU,326771,128.1875,0
2015-03-30,ZNU15,ZNU,326771,128.09375,0
2015-03-31,ZNU15,ZNU,326771,128.40625,0
2015-04-01,ZNU15,ZNU,326771,128.90625,0
2015-04-02,ZNU15,ZNU,326771,128.71875,0
2015-04-03,ZNU15,ZNU,326771,129.484375,0
2015-04-06,ZNU15,ZNU,326771,129.03125,0
2015-04-07,ZNU15,ZNU,326771,128.96875,0
2015-04-08,ZNU15,ZNU,326771,128.9375,0
2015-04-09,ZNU15,ZNU,326771,128.40625,0
2015-04-10,ZNU15,ZNU,326771,128.359375,0
2015-04-13,ZNU15,ZNU,326771,128.546875,0
2015-04-14,ZNU15,ZNU,326771,128.90625,0
2015-04-15,ZNU15,ZNU,326771,129.046875,0
2015-04-16,ZNU15,ZNU,326771,129.296875,0
2015-04-17,ZNU15,ZNU,326771,129.4375,0
2015-04-20,ZNU15,ZNU,326771,129.140625,0
2015-04-21,ZNU15,ZNU,326771,128.96875,0
2015-04-22,ZNU15,ZNU,326771,128.453125,0
2015-04-23,ZNU15,ZNU,326771,128.734375,0
2015-04-24,ZNU15,ZNU,326771,129.0,0
2015-04-27,ZNU15,ZNU,326771,128.921875,0
2015-04-28,ZNU15,ZNU,326771,128.546875,0
2015-04-29,ZNU15,ZNU,326771,128.046875,0
2015-04-30,ZNU15,ZNU,326771,127.875,0
2015-05-01,ZNU15,ZNU,326771,127.203125,0
2015-05-04,ZNU15,ZNU,326771,127.1875,0
2015-05-05,ZNU15,ZNU,326771,126.796875,0
2015-05-06,ZNU15,ZNU,326771,126.390625,0
2015-05-07,ZNU15,ZNU,326771,126.71875,0
2015-05-08,ZNU15,ZNU,326771,127.21875,0
2015-05-11,ZNU15,ZNU,326771,126.1875,0
2015-05-12,ZNU15,ZNU,326771,126.28125,0
2015-05-13,ZNU15,ZNU,326771,126.203125,0
2015-05-14,ZNU15,ZNU,326771,126.625,0
2015-05-15,ZNU15,ZNU,326771,127.375,0
2015-05-18,ZNU15,ZNU,326771,126.671875,0
2015-05-19,ZNU15,ZNU,326771,126.296875,0
2015-05-20,ZNU15,ZNU,326771,126.546875,0
2015-05-21,ZNU15,ZNU,326771,127.03125,0
2015-05-22,ZNU15,ZNU,326771,126.59375,0
2015-05-26,ZNU15,ZNU,326771,127.28125,0
2015-05-27,ZNU15,ZNU,326771,127.265625,0
2015-05-28,ZNU15,ZNU,326771,127.390625,0
2015-05-29,ZNU15,ZNU,326771,127.6875,0
2015-06-01,ZNU15,ZNU,326771,126.90625,0
2015-06-02,ZNU15,ZNU,326771,126.3125,0
2015-06-03,ZNU15,ZNU,326771,125.484375,0
2015-06-04,ZNU15,ZNU,326771,125.9375,0
2015-06-05,ZNU15,ZNU,326771,125.109375,0
2015-06-05,ZNU16,ZNU,732065,0.0,5
2015-06-08,ZNU15,ZNU,326771,125.34375,0
2015-06-08,ZNU16,ZNU,732065,0.0,5
2015-06-09,ZNU15,ZNU,326771,125.109375,0
2015-06-09,ZNU16,ZNU,732065,0.0,5
2015-06-10,ZNU15,ZNU,326771,124.65625,0
2015-06-10,ZNU16,ZNU,732065,0.0,5
2015-06-11,ZNU15,ZNU,326771,125.359375,0
2015-06-11,ZNU16,ZNU,732065,0.0,5
2015-06-12,ZNU15,ZNU,326771,125.3125,0
2015-06-12,ZNU16,ZNU,732065,0.0,5
2015-06-15,ZNU15,ZNU,326771,125.59375,0
2015-06-15,ZNU16,ZNU,732065,0.0,5
2015-06-16,ZNU15,ZNU,326771,125.90625,0
2015-06-16,ZNU16,ZNU,732065,0.0,5
2015-06-17,ZNU15,ZNU,326771,126.171875,0
2015-06-17,ZNU16,ZNU,732065,0.0,5
2015-06-18,ZNU15,ZNU,326771,125.859375,0
2015-06-19,ZNU15,ZNU,326771,126.578125,0
2015-06-19,ZNU16,ZNU,732065,124.734375,0
2015-06-22,ZNU15,ZNU,326771,125.828125,0
2015-06-22,ZNU16,ZNU,732065,123.984375,0
2015-06-23,ZNU15,ZNU,326771,125.453125,0
2015-06-23,ZNU16,ZNU,732065,122.390625,0
2015-06-24,ZNU15,ZNU,326771,125.734375,0
2015-06-24,ZNU16,ZNU,732065,122.671875,0
2015-06-25,ZNU15,ZNU,326771,125.578125,0
2015-06-25,ZNU16,ZNU,732065,122.46875,0
2015-06-26,ZNU15,ZNU,326771,125.015625,0
2015-06-26,ZNU16,ZNU,732065,121.875,0
2015-06-29,ZNU15,ZNU,326771,126.203125,0
2015-06-29,ZNU16,ZNU,732065,123.078125,0
2015-06-30,ZNU15,ZNU,326771,126.171875,0
2015-06-30,ZNU16,ZNU,732065,123.109375,0
2015-07-01,ZNU15,ZNU,326771,125.46875,0
2015-07-01,ZNU16,ZNU,732065,122.40625,0
2015-07-02,ZNU15,ZNU,326771,125.875,0
2015-07-02,ZNU16,ZNU,732065,122.8125,0
2015-07-03,ZNU15,ZNU,326771,125.875,0
2015-07-03,ZNU16,ZNU,732065,122.8125,0
2015-07-06,ZNU15,ZNU,326771,126.765625,0
2015-07-06,ZNU16,ZNU,732065,123.71875,0
2015-07-07,ZNU15,ZNU,326771,127.125,0
2015-07-07,ZNU16,ZNU,732065,124.125,0
2015-07-08,ZNU15,ZNU,326771,127.375,0
2015-07-08,ZNU16,ZNU,732065,124.390625,0
2015-07-09,ZNU15,ZNU,326771,126.671875,0
2015-07-09,ZNU16,ZNU,732065,123.671875,0
2015-07-10,ZNU15,ZNU,326771,125.734375,0
2015-07-10,ZNU16,ZNU,732065,122.703125,0
2015-07-13,ZNU15,ZNU,326771,125.59375,0
2015-07-13,ZNU16,ZNU,732065,122.546875,0
2015-07-14,ZNU15,ZNU,326771,125.9375,0
2015-07-14,ZNU16,ZNU,732065,122.890625,0
2015-07-15,ZNU15,ZNU,326771,126.34375,0
2015-07-15,ZNU16,ZNU,732065,123.34375,0
2015-07-16,ZNU15,ZNU,326771,126.171875,0
2015-07-16,ZNU16,ZNU,732065,123.15625,0
2015-07-17,ZNU15,ZNU,326771,126.125,0
2015-07-17,ZNU16,ZNU,732065,123.09375,0
2015-07-20,ZNU15,ZNU,326771,125.890625,0
2015-07-20,ZNU16,ZNU,732065,122.859375,0
2015-07-21,ZNU15,ZNU,326771,126.203125,0
2015-07-21,ZNU16,ZNU,732065,123.1875,0
2015-07-22,ZNU15,ZNU,326771,126.3125,0
2015-07-22,ZNU16,ZNU,732065,123.3125,0
2015-07-23,ZNU15,ZNU,326771,126.609375,0
2015-07-23,ZNU16,ZNU,732065,123.625,0
2015-07-24,ZNU15,ZNU,326771,126.71875,0
2015-07-24,ZNU16,ZNU,732065,123.75,0
2015-07-27,ZNU15,ZNU,326771,127.15625,0
2015-07-27,ZNU16,ZNU,732065,124.21875,0
2015-07-28,ZNU15,ZNU,326771,127.0,0
2015-07-28,ZNU16,ZNU,732065,124.0625,0
2015-07-29,ZNU15,ZNU,326771,126.8125,0
2015-07-29,ZNU16,ZNU,732065,123.859375,0
2015-07-30,ZNU15,ZNU,326771,126.84375,0
2015-07-30,ZNU16,ZNU,732065,123.890625,0
2015-07-31,ZNU15,ZNU,326771,127.4375,0
2015-07-31,ZNU16,ZNU,732065,124.515625,0
2015-08-03,ZNU15,ZNU,326771,127.828125,0
2015-08-03,ZNU16,ZNU,732065,124.9375,0
2015-08-04,ZNU15,ZNU,326771,127.265625,0
2015-08-04,ZNU16,ZNU,732065,124.375,0
2015-08-05,ZNU15,ZNU,326771,126.75,0
2015-08-05,ZNU16,ZNU,732065,123.828125,0
2015-08-06,ZNU15,ZNU,326771,127.015625,0
2015-08-06,ZNU16,ZNU,732065,124.125,0
2015-08-07,ZNU15,ZNU,326771,127.453125,0
2015-08-07,ZNU16,ZNU,732065,124.578125,0
2015-08-10,ZNU15,ZNU,326771,127.015625,0
2015-08-10,ZNU16,ZNU,732065,124.109375,0
2015-08-11,ZNU15,ZNU,326771,127.859375,0
2015-08-11,ZNU16,ZNU,732065,124.984375,0
2015-08-12,ZNU15,ZNU,326771,127.96875,0
2015-08-12,ZNU16,ZNU,732065,125.109375,0
2015-08-13,ZNU15,ZNU,326771,127.484375,0
2015-08-13,ZNU16,ZNU,732065,124.640625,0
2015-08-14,ZNU15,ZNU,326771,127.359375,0
2015-08-14,ZNU16,ZNU,732065,124.53125,0
2015-08-17,ZNU15,ZNU,326771,127.765625,0
2015-08-17,ZNU16,ZNU,732065,124.9375,0
2015-08-18,ZNU15,ZNU,326771,127.453125,0
2015-08-18,ZNU16,ZNU,732065,124.625,0
2015-08-19,ZNU15,ZNU,326771,128.09375,0
2015-08-19,ZNU16,ZNU,732065,125.28125,0
2015-08-20,ZNU15,ZNU,326771,128.328125,0
2015-08-20,ZNU16,ZNU,732065,125.546875,0
2015-08-21,ZNU15,ZNU,326771,128.671875,0
2015-08-21,ZNU16,ZNU,732065,125.90625,0
2015-08-24,ZNU15,ZNU,326771,129.203125,0
2015-08-24,ZNU16,ZNU,732065,126.4375,0
2015-08-25,ZNU15,ZNU,326771,128.0625,0
2015-08-25,ZNU16,ZNU,732065,125.328125,0
2015-08-26,ZNU15,ZNU,326771,127.9375,0
2015-08-26,ZNU16,ZNU,732065,125.203125,0
2015-08-27,ZNU15,ZNU,326771,127.953125,0
2015-08-27,ZNU16,ZNU,732065,125.171875,0
2015-08-28,ZNU15,ZNU,326771,127.78125,0
2015-08-28,ZNU16,ZNU,732065,125.015625,0
2015-08-31,ZNU15,ZNU,326771,127.640625,0
2015-08-31,ZNU16,ZNU,732065,124.875,0
2015-09-01,ZNU15,ZNU,326771,127.875,0
2015-09-01,ZNU16,ZNU,732065,125.125,0
2015-09-02,ZNU15,ZNU,326771,127.734375,0
2015-09-02,ZNU16,ZNU,732065,124.96875,0
2015-09-03,ZNU15,ZNU,326771,127.953125,0
2015-09-03,ZNU16,ZNU,732065,125.203125,0
2015-09-04,ZNU15,ZNU,326771,128.296875,0
2015-09-04,ZNU16,ZNU,732065,125.5625,0
2015-09-08,ZNU15,ZNU,326771,127.828125,0
2015-09-08,ZNU16,ZNU,732065,125.09375,0
2015-09-09,ZNU15,ZNU,326771,128.0,0
2015-09-09,ZNU16,ZNU,732065,125.25,0
2015-09-10,ZNU15,ZNU,326771,127.734375,0
2015-09-10,ZNU16,ZNU,732065,124.96875,0
2015-09-11,ZNU15,ZNU,326771,128.109375,0
2015-09-11,ZNU16,ZNU,732065,125.34375,0
2015-09-14,ZNU15,ZNU,326771,128.125,0
2015-09-14,ZNU16,ZNU,732065,125.359375,0
2015-09-15,ZNU15,ZNU,326771,127.28125,0
2015-09-15,ZNU16,ZNU,732065,124.515625,0
2015-09-16,ZNU15,ZNU,326771,127.109375,0
2015-09-16,ZNU16,ZNU,732065,124.328125,0
2015-09-17,ZNU15,ZNU,326771,127.890625,0
2015-09-17,ZNU16,ZNU,732065,125.109375,0
2015-09-18,ZNU15,ZNU,326771,128.578125,0
2015-09-18,ZNU16,ZNU,732065,125.78125,0
2015-09-21,ZNU15,ZNU,326771,128.03125,100
2015-09-21,ZNU16,ZNU,732065,125.21875,0
2015-09-22,ZNU16,ZNU,732065,125.984375,0
2015-09-23,ZNU16,ZNU,732065,125.84375,0
2015-09-24,ZNU16,ZNU,732065,126.0,0
2015-09-25,ZNU16,ZNU,732065,125.671875,100
2015-09-28,ZNU16,ZNU,732065,126.265625,0
2015-09-29,ZNU16,ZNU,732065,126.6875,0
2015-09-30,ZNU16,ZNU,732065,126.609375,0
2015-10-01,ZNU16,ZNU,732065,126.71875,0
2015-10-02,ZNU16,ZNU,732065,127.265625,0
2015-10-05,ZNU16,ZNU,732065,126.828125,0
2015-10-06,ZNU16,ZNU,732065,126.984375,0
2015-10-07,ZNU16,ZNU,732065,126.734375,0
2015-10-08,ZNU16,ZNU,732065,126.390625,0
2015-10-09,ZNU16,ZNU,732065,126.390625,0
2015-10-12,ZNU16,ZNU,732065,126.671875,0
2015-10-13,ZNU16,ZNU,732065,126.78125,0
2015-10-14,ZNU16,ZNU,732065,127.546875,0
2015-10-15,ZNU16,ZNU,732065,127.125,0
2015-10-16,ZNU16,ZNU,732065,127.03125,0
2015-10-19,ZNU16,ZNU,732065,126.953125,0
2015-10-20,ZNU16,ZNU,732065,126.515625,0
2015-10-21,ZNU16,ZNU,732065,126.828125,0
2015-10-22,ZNU16,ZNU,732065,126.921875,0
2015-10-23,ZNU16,ZNU,732065,126.328125,0
2015-10-26,ZNU16,ZNU,732065,126.5,0
2015-10-27,ZNU16,ZNU,732065,126.859375,0
2015-10-28,ZNU16,ZNU,732065,126.0625,0
2015-10-29,ZNU16,ZNU,732065,125.421875,0
2015-10-30,ZNU16,ZNU,732065,125.515625,0
2015-11-02,ZNU16,ZNU,732065,125.15625,0
2015-11-03,ZNU16,ZNU,732065,124.859375,0
2015-11-04,ZNU16,ZNU,732065,124.671875,0
2015-11-05,ZNU16,ZNU,732065,124.578125,0
2015-11-06,ZNU16,ZNU,732065,123.734375,0
2015-11-09,ZNU16,ZNU,732065,123.671875,0
2015-11-10,ZNU16,ZNU,732065,123.953125,0
2015-11-11,ZNU16,ZNU,732065,123.703125,0
2015-11-12,ZNU16,ZNU,732065,123.84375,0
2015-11-13,ZNU16,ZNU,732065,124.21875,0
2015-11-16,ZNU16,ZNU,732065,124.375,0
2015-11-17,ZNU16,ZNU,732065,124.4375,0
2015-11-18,ZNU16,ZNU,732065,124.359375,0
2015-11-19,ZNU16,ZNU,732065,124.484375,3
2015-11-20,ZNU16,ZNU,732065,124.390625,3
2015-11-23,ZNU16,ZNU,732065,124.578125,3
2015-11-24,ZNU16,ZNU,732065,124.671875,3
2015-11-25,ZNU16,ZNU,732065,124.703125,3
2015-11-27,ZNU16,ZNU,732065,124.8125,3
2015-11-30,ZNU16,ZNU,732065,124.75,3
2015-12-01,ZNU16,ZNU,732065,125.265625,3
2015-12-02,ZNU16,ZNU,732065,125.03125,3
2015-12-03,ZNU16,ZNU,732065,123.859375,3
2015-12-04,ZNU16,ZNU,732065,124.234375,3
2015-12-07,ZNU16,ZNU,732065,124.65625,3
2015-12-08,ZNU16,ZNU,732065,125.046875,3
2015-12-09,ZNU16,ZNU,732065,125.390625,3
2015-12-10,ZNU16,ZNU,732065,125.046875,3
2015-12-11,ZNU16,ZNU,732065,125.90625,3
2015-12-14,ZNU16,ZNU,732065,125.171875,3
2015-12-15,ZNU16,ZNU,732065,124.859375,3
2015-12-16,ZNU16,ZNU,732065,124.5,3
2015-12-17,ZNU16,ZNU,732065,124.875,3
2015-12-18,ZNU16,ZNU,732065,125.234375,3
2015-12-21,ZNU16,ZNU,732065,125.3125,3
2015-12-22,ZNU16,ZNU,732065,124.921875,3
2015-12-23,ZNU16,ZNU,732065,124.75,3
2015-12-24,ZNU16,ZNU,732065,124.921875,3
2015-12-28,ZNU16,ZNU,732065,125.015625,3
2015-12-29,ZNU16,ZNU,732065,124.40625,3
2015-12-30,ZNU16,ZNU,732065,124.359375,3
2015-12-31,ZNU16,ZNU,732065,124.65625,3
2016-01-04,ZNU16,ZNU,732065,124.8125,3
2016-01-05,ZNU16,ZNU,732065,124.890625,3
2016-01-06,ZNU16,ZNU,732065,125.53125,3
2016-01-07,ZNU16,ZNU,732065,125.796875,3
2016-01-08,ZNU16,ZNU,732065,126.109375,3
2016-01-11,ZNU16,ZNU,732065,126.0625,3
2016-01-12,ZNU16,ZNU,732065,126.546875,3
2016-01-13,ZNU16,ZNU,732065,126.78125,3
2016-01-14,ZNU16,ZNU,732065,126.546875,3
2016-01-15,ZNU16,ZNU,732065,127.171875,3
2016-01-19,ZNU16,ZNU,732065,127.140625,3
2016-01-20,ZNU16,ZNU,732065,127.625,3
2016-01-21,ZNU16,ZNU,732065,127.4375,3
2016-01-22,ZNU16,ZNU,732065,127.15625,3
2016-01-25,ZNU16,ZNU,732065,127.328125,3
2016-01-26,ZNU16,ZNU,732065,127.59375,3
2016-01-27,ZNU16,ZNU,732065,127.640625,3
2016-01-28,ZNU16,ZNU,732065,127.796875,3
2016-01-29,ZNU16,ZNU,732065,128.375,3
2016-02-01,ZNU16,ZNU,732065,127.96875,3
2016-02-02,ZNU16,ZNU,732065,128.890625,3
2016-02-03,ZNU16,ZNU,732065,128.8125,3
2016-02-04,ZNU16,ZNU,732065,129.0625,3
2016-02-05,ZNU16,ZNU,732065,129.15625,3
2016-02-08,ZNU16,ZNU,732065,130.109375,3
2016-02-09,ZNU16,ZNU,732065,130.15625,3
2016-02-10,ZNU16,ZNU,732065,130.375,3
2016-02-11,ZNU16,ZNU,732065,130.9375,3
2016-02-12,ZNU16,ZNU,732065,129.96875,3
2016-02-16,ZNU16,ZNU,732065,129.828125,3
2016-02-17,ZNU16,ZNU,732065,129.34375,3
2016-02-18,ZNU16,ZNU,732065,129.828125,3
2016-02-19,ZNU16,ZNU,732065,129.796875,3
2016-02-22,ZNU16,ZNU,732065,129.6875,3
2016-02-23,ZNU16,ZNU,732065,129.84375,3
2016-02-24,ZNU16,ZNU,732065,129.90625,3
2016-02-25,ZNU16,ZNU,732065,130.375,3
2016-02-26,ZNU16,ZNU,732065,129.65625,3
2016-02-29,ZNU16,ZNU,732065,130.328125,3
2016-03-01,ZNU16,ZNU,732065,129.40625,3
2016-03-02,ZNU16,ZNU,732065,129.0625,3
2016-03-03,ZNU16,ZNU,732065,129.171875,3
2016-03-04,ZNU16,ZNU,732065,128.71875,3
2016-03-07,ZNU16,ZNU,732065,128.546875,3
2016-03-08,ZNU16,ZNU,732065,129.125,3
2016-03-09,ZNU16,ZNU,732065,128.6875,3
2016-03-10,ZNU16,ZNU,732065,128.265625,3
2016-03-11,ZNU16,ZNU,732065,127.96875,3
2016-03-14,ZNU16,ZNU,732065,128.046875,3
2016-03-15,ZNU16,ZNU,732065,128.03125,3
2016-03-16,ZNU16,ZNU,732065,128.46875,3
2016-03-17,ZNU16,ZNU,732065,128.734375,3
2016-03-18,ZNU16,ZNU,732065,129.03125,4
2016-03-21,ZNU16,ZNU,732065,128.78125,3
2016-03-22,ZNU16,ZNU,732065,128.546875,3
2016-03-23,ZNU16,ZNU,732065,129.109375,3
2016-03-24,ZNU16,ZNU,732065,128.984375,3
2016-03-28,ZNU16,ZNU,732065,129.203125,3
2016-03-29,ZNU16,ZNU,732065,129.828125,3
2016-03-30,ZNU16,ZNU,732065,129.875,3
2016-03-31,ZNU16,ZNU,732065,130.28125,3
2016-04-01,ZNU16,ZNU,732065,130.1875,3
2016-04-04,ZNU16,ZNU,732065,130.359375,3
2016-04-05,ZNU16,ZNU,732065,130.765625,3
2016-04-06,ZNU16,ZNU,732065,130.609375,3
2016-04-07,ZNU16,ZNU,732065,131.21875,3
2016-04-08,ZNU16,ZNU,732065,131.0,3
2016-04-11,ZNU16,ZNU,732065,131.015625,3
2016-04-12,ZNU16,ZNU,732065,130.46875,3
2016-04-13,ZNU16,ZNU,732065,130.5625,3
2016-04-14,ZNU16,ZNU,732065,130.28125,3
2016-04-15,ZNU16,ZNU,732065,130.578125,3
2016-04-18,ZNU16,ZNU,732065,130.421875,3
2016-04-19,ZNU16,ZNU,732065,130.265625,3
2016-04-20,ZNU16,ZNU,732065,129.609375,3
2016-04-21,ZNU16,ZNU,732065,129.453125,3
2016-04-22,ZNU16,ZNU,732065,129.3125,3
2016-04-25,ZNU16,ZNU,732065,129.203125,3
2016-04-26,ZNU16,ZNU,732065,128.96875,3
2016-04-27,ZNU16,ZNU,732065,129.609375,3
2016-04-28,ZNU16,ZNU,732065,129.796875,3
2016-04-29,ZNU16,ZNU,732065,129.921875,3
2016-05-02,ZNU16,ZNU,732065,129.546875,3
2016-05-03,ZNU16,ZNU,732065,130.1875,3
2016-05-04,ZNU16,ZNU,732065,130.328125,3
2016-05-05,ZNU16,ZNU,732065,130.671875,3
2016-05-06,ZNU16,ZNU,732065,130.46875,3
2016-05-09,ZNU16,ZNU,732065,130.75,3
2016-05-10,ZNU16,ZNU,732065,130.734375,3
2016-05-11,ZNU16,ZNU,732065,130.859375,3
2016-05-12,ZNU16,ZNU,732065,130.53125,3
2016-05-13,ZNU16,ZNU,732065,130.9375,3
2016-05-16,ZNU16,ZNU,732065,130.46875,3
2016-05-17,ZNU16,ZNU,732065,130.359375,3
2016-05-18,ZNU16,ZNU,732065,129.234375,3
2016-05-19,ZNU16,ZNU,732065,129.546875,3
2016-05-20,ZNU16,ZNU,732065,129.59375,3
2016-05-23,ZNU16,ZNU,732065,129.65625,3
2016-05-24,ZNU16,ZNU,732065,129.46875,3
2016-05-25,ZNU16,ZNU,732065,129.375,3
2016-05-26,ZNU16,ZNU,732065,129.8125,3
2016-05-27,ZNU16,ZNU,732065,129.703125,3
2016-05-31,ZNU16,ZNU,732065,129.6875,3
2016-06-01,ZNU16,ZNU,732065,129.546875,3
2016-06-02,ZNU16,ZNU,732065,129.875,3
2016-06-03,ZNU16,ZNU,732065,130.96875,3
2016-06-06,ZNU16,ZNU,732065,130.875,3
2016-06-07,ZNU16,ZNU,732065,130.953125,3
2016-06-08,ZNU16,ZNU,732065,130.90625,3
2016-06-09,ZNU16,ZNU,732065,131.09375,3
2016-06-10,ZNU16,ZNU,732065,131.53125,3
2016-06-13,ZNU16,ZNU,732065,131.765625,3
2016-06-14,ZNU16,ZNU,732065,131.78125,3
2016-06-15,ZNU16,ZNU,732065,132.078125,3
2016-06-16,ZNU16,ZNU,732065,132.28125,3
2016-06-17,ZNU16,ZNU,732065,131.859375,3
2016-06-20,ZNU16,ZNU,732065,131.453125,3
2016-06-21,ZNU16,ZNU,732065,131.25,3
2016-06-22,ZNU16,ZNU,732065,131.34375,3
2016-06-23,ZNU16,ZNU,732065,130.8125,3
2016-06-24,ZNU16,ZNU,732065,132.375,3
2016-06-27,ZNU16,ZNU,732065,133.28125,3
2016-06-28,ZNU16,ZNU,732065,133.25,3
2016-06-29,ZNU16,ZNU,732065,133.0625,3
2016-06-30,ZNU16,ZNU,732065,132.984375,3
2016-07-01,ZNU16,ZNU,732065,133.078125,3
2016-07-05,ZNU16,ZNU,732065,133.890625,3
2016-07-06,ZNU16,ZNU,732065,133.671875,3
2016-07-07,ZNU16,ZNU,732065,133.6875,3
2016-07-08,ZNU16,ZNU,732065,133.796875,3
2016-07-11,ZNU16,ZNU,732065,133.15625,3
2016-07-12,ZNU16,ZNU,732065,132.515625,3
2016-07-13,ZNU16,ZNU,732065,132.828125,3
2016-07-14,ZNU16,ZNU,732065,132.390625,3
2016-07-15,ZNU16,ZNU,732065,131.875,3
2016-07-18,ZNU16,ZNU,732065,132.03125,3
2016-07-19,ZNU16,ZNU,732065,132.234375,3
2016-07-20,ZNU16,ZNU,732065,131.984375,3
2016-07-21,ZNU16,ZNU,732065,132.234375,3
2016-07-22,ZNU16,ZNU,732065,132.125,3
2016-07-25,ZNU16,ZNU,732065,132.0625,3
2016-07-26,ZNU16,ZNU,732065,132.125,3
2016-07-27,ZNU16,ZNU,732065,132.546875,3
2016-07-28,ZNU16,ZNU,732065,132.5625,3
2016-07-29,ZNU16,ZNU,732065,133.046875,3
2016-08-01,ZNU16,ZNU,732065,132.796875,3
2016-08-02,ZNU16,ZNU,732065,132.546875,3
2016-08-03,ZNU16,ZNU,732065,132.578125,3
2016-08-04,ZNU16,ZNU,732065,132.953125,3
2016-08-05,ZNU16,ZNU,732065,132.140625,3
2016-08-08,ZNU16,ZNU,732065,132.046875,3
2016-08-09,ZNU16,ZNU,732065,132.34375,3
2016-08-10,ZNU16,ZNU,732065,132.734375,3
2016-08-11,ZNU16,ZNU,732065,132.046875,3
2016-08-12,ZNU16,ZNU,732065,132.53125,3
2016-08-15,ZNU16,ZNU,732065,132.25,3
2016-08-16,ZNU16,ZNU,732065,132.0,3
2016-08-17,ZNU16,ZNU,732065,132.109375,3
2016-08-18,ZNU16,ZNU,732065,132.375,3
2016-08-19,ZNU16,ZNU,732065,131.953125,3
2016-08-22,ZNU16,ZNU,732065,132.28125,3
2016-08-23,ZNU16,ZNU,732065,132.21875,3
2016-08-24,ZNU16,ZNU,732065,132.21875,3
2016-08-25,ZNU16,ZNU,732065,132.0625,3
2016-08-26,ZNU16,ZNU,732065,131.375,3
2016-08-29,ZNU16,ZNU,732065,131.953125,3
2016-08-30,ZNU16,ZNU,732065,131.890625,3
2016-08-31,ZNU16,ZNU,732065,131.875,3
2016-09-01,ZNU16,ZNU,732065,131.890625,3
2016-09-02,ZNU16,ZNU,732065,131.71875,3
2016-09-06,ZNU16,ZNU,732065,132.296875,3
2016-09-07,ZNU16,ZNU,732065,132.296875,3
2016-09-08,ZNU16,ZNU,732065,131.671875,3
2016-09-09,ZNU16,ZNU,732065,131.3125,3
2016-09-12,ZNU16,ZNU,732065,131.453125,3
2016-09-13,ZNU16,ZNU,732065,130.96875,3
2016-09-14,ZNU16,ZNU,732065,131.4375,3
2016-09-15,ZNU16,ZNU,732065,131.453125,3
2016-09-16,ZNU16,ZNU,732065,131.40625,3
2016-09-19,ZNU16,ZNU,732065,131.421875,3
2016-09-20,ZNU16,ZNU,732065,131.484375,3
2016-09-21,ZNU16,ZNU,732065,131.375,4
2016-12-06,ZNU17,ZNU,357060,0.0,1
2016-12-07,ZNU17,ZNU,357060,0.0,1
2016-12-08,ZNU17,ZNU,357060,0.0,1
2016-12-09,ZNU17,ZNU,357060,0.0,1
2016-12-12,ZNU17,ZNU,357060,0.0,1
2016-12-13,ZNU17,ZNU,357060,0.0,1
2016-12-14,ZNU17,ZNU,357060,0.0,1
2016-12-15,ZNU17,ZNU,357060,0.0,1
2016-12-20,ZNU17,ZNU,357060,122.625,3
2016-12-21,ZNU17,ZNU,357060,122.765625,3
2016-12-22,ZNU17,ZNU,357060,122.625,3
2016-12-23,ZNU17,ZNU,357060,122.71875,3
2016-12-27,ZNU17,ZNU,357060,122.5625,3
2016-12-28,ZNU17,ZNU,357060,123.0,3
2016-12-29,ZNU17,ZNU,357060,123.296875,3
2016-12-30,ZNU17,ZNU,357060,123.625,3
2017-01-03,ZNU17,ZNU,357060,123.515625,3
2017-01-04,ZNU17,ZNU,357060,123.5,3
2017-01-05,ZNU17,ZNU,357060,124.234375,3
2017-01-06,ZNU17,ZNU,357060,123.8125,3
2017-01-09,ZNU17,ZNU,357060,124.203125,3
2017-01-10,ZNU17,ZNU,357060,124.1875,3
2017-01-11,ZNU17,ZNU,357060,124.25,3
2017-01-12,ZNU17,ZNU,357060,124.328125,3
2017-01-13,ZNU17,ZNU,357060,124.21875,3
2017-01-17,ZNU17,ZNU,357060,124.671875,3
2017-01-18,ZNU17,ZNU,357060,124.15625,3
2017-01-19,ZNU17,ZNU,357060,124.1875,3
2017-01-20,ZNU17,ZNU,357060,124.234375,3
2017-01-23,ZNU17,ZNU,357060,124.859375,3
2017-01-24,ZNU17,ZNU,357060,124.234375,3
2017-01-25,ZNU17,ZNU,357060,123.828125,3
2017-01-26,ZNU17,ZNU,357060,123.03125,3
2017-01-27,ZNU17,ZNU,357060,123.25,3
2017-01-30,ZNU17,ZNU,357060,123.296875,3
2017-01-31,ZNU17,ZNU,357060,123.546875,3
2017-02-01,ZNU17,ZNU,357060,123.40625,3
2017-02-02,ZNU17,ZNU,357060,123.453125,3
2017-02-03,ZNU17,ZNU,357060,123.359375,3
2017-02-06,ZNU17,ZNU,357060,124.03125,3
2017-02-07,ZNU17,ZNU,357060,124.203125,3
2017-02-08,ZNU17,ZNU,357060,124.46875,3
2017-02-09,ZNU17,ZNU,357060,124.015625,3
2017-02-10,ZNU17,ZNU,357060,123.875,3
2017-02-13,ZNU17,ZNU,357060,123.6875,3
2017-02-14,ZNU17,ZNU,357060,123.328125,3
2017-02-15,ZNU17,ZNU,357060,123.03125,3
2017-02-16,ZNU17,ZNU,357060,123.53125,3
2017-02-17,ZNU17,ZNU,357060,123.796875,3
2017-02-21,ZNU17,ZNU,357060,123.796875,3
2017-02-22,ZNU17,ZNU,357060,123.859375,3
2017-02-23,ZNU17,ZNU,357060,124.125,3
2017-02-24,ZNU17,ZNU,357060,124.734375,3
2017-02-27,ZNU17,ZNU,357060,124.234375,3
2017-02-28,ZNU17,ZNU,357060,124.21875,3
2017-03-01,ZNU17,ZNU,357060,123.359375,3
2017-03-02,ZNU17,ZNU,357060,123.140625,3
2017-03-03,ZNU17,ZNU,357060,123.21875,3
2017-03-06,ZNU17,ZNU,357060,123.234375,3
2017-03-07,ZNU17,ZNU,357060,123.09375,3
2017-03-08,ZNU17,ZNU,357060,122.78125,3
2017-03-09,ZNU17,ZNU,357060,122.46875,3
2017-03-10,ZNU17,ZNU,357060,122.578125,3
2017-03-13,ZNU17,ZNU,357060,122.21875,3
2017-03-14,ZNU17,ZNU,357060,122.234375,3
2017-03-15,ZNU17,ZNU,357060,123.109375,3
2017-03-16,ZNU17,ZNU,357060,122.984375,3
2017-03-17,ZNU17,ZNU,357060,123.140625,3
2017-03-20,ZNU17,ZNU,357060,123.40625,3
2017-03-21,ZNU17,ZNU,357060,123.734375,3
2017-03-22,ZNU17,ZNU,357060,124.0,3
2017-03-23,ZNU17,ZNU,357060,123.890625,3
2017-03-24,ZNU17,ZNU,357060,124.0,3
2017-03-27,ZNU17,ZNU,357060,124.15625,3
2017-03-28,ZNU17,ZNU,357060,123.84375,3
2017-03-29,ZNU17,ZNU,357060,124.0625,3
2017-03-30,ZNU17,ZNU,357060,123.828125,3
2017-03-31,ZNU17,ZNU,357060,124.046875,3
2017-04-03,ZNU17,ZNU,357060,124.59375,3
2017-04-04,ZNU17,ZNU,357060,124.640625,3
2017-04-05,ZNU17,ZNU,357060,124.671875,3
2017-04-06,ZNU17,ZNU,357060,124.75,3
2017-04-07,ZNU17,ZNU,357060,124.421875,3
2017-04-10,ZNU17,ZNU,357060,124.53125,3
2017-04-11,ZNU17,ZNU,357060,125.125,3
2017-04-12,ZNU17,ZNU,357060,125.125,3
2017-04-13,ZNU17,ZNU,357060,125.75,3
2017-04-17,ZNU17,ZNU,357060,125.578125,3
2017-04-18,ZNU17,ZNU,357060,126.203125,3
2017-04-19,ZNU17,ZNU,357060,125.953125,3
2017-04-20,ZNU17,ZNU,357060,125.640625,3
2017-04-21,ZNU17,ZNU,357060,125.75,3
2017-04-24,ZNU17,ZNU,357060,125.484375,3
2017-04-25,ZNU17,ZNU,357060,125.078125,3
2017-04-26,ZNU17,ZNU,357060,125.234375,3
2017-04-27,ZNU17,ZNU,357060,125.3125,3
2017-04-28,ZNU17,ZNU,357060,125.390625,3
2017-05-01,ZNU17,ZNU,357060,125.140625,3
2017-05-02,ZNU17,ZNU,357060,125.359375,3
2017-05-03,ZNU17,ZNU,357060,125.21875,3
2017-05-04,ZNU17,ZNU,357060,124.84375,3
2017-05-05,ZNU17,ZNU,357060,124.890625,3
2017-05-08,ZNU17,ZNU,357060,124.734375,3
2017-05-09,ZNU17,ZNU,357060,124.484375,3
2017-05-10,ZNU17,ZNU,357060,124.46875,3
2017-05-11,ZNU17,ZNU,357060,124.578125,3
2017-05-12,ZNU17,ZNU,357060,125.140625,3
2017-05-15,ZNU17,ZNU,357060,125.140625,3
2017-05-16,ZNU17,ZNU,357060,125.21875,3
2017-05-17,ZNU17,ZNU,357060,126.125,3
2017-05-18,ZNU17,ZNU,357060,125.984375,3
2017-05-19,ZNU17,ZNU,357060,125.890625,3
2017-05-22,ZNU17,ZNU,357060,125.828125,3
2017-05-23,ZNU17,ZNU,357060,125.5625,3
2017-05-24,ZNU17,ZNU,357060,125.765625,3
2017-05-25,ZNU17,ZNU,357060,125.859375,3
2017-05-26,ZNU17,ZNU,357060,125.890625,3
2017-05-30,ZNU17,ZNU,357060,126.15625,3
2017-05-31,ZNU17,ZNU,357060,126.296875,3
2017-06-01,ZNU17,ZNU,357060,126.1875,3
2017-06-02,ZNU17,ZNU,357060,126.640625,3
2017-06-05,ZNU17,ZNU,357060,126.46875,3
2017-06-06,ZNU17,ZNU,357060,126.765625,3
2017-06-07,ZNU17,ZNU,357060,126.53125,3
2017-06-08,ZNU17,ZNU,357060,126.453125,3
2017-06-09,ZNU17,ZNU,357060,126.421875,3
2017-06-12,ZNU17,ZNU,357060,126.328125,3
2017-06-13,ZNU17,ZNU,357060,126.375,3
2017-06-14,ZNU17,ZNU,357060,126.921875,3
2017-06-15,ZNU17,ZNU,357060,126.640625,3
2017-06-16,ZNU17,ZNU,357060,126.75,3
2017-06-19,ZNU17,ZNU,357060,126.453125,3
2017-06-20,ZNU17,ZNU,357060,126.75,3
2017-06-21,ZNU17,ZNU,357060,126.671875,3
2017-06-22,ZNU17,ZNU,357060,126.671875,3
2017-06-23,ZNU17,ZNU,357060,126.734375,3
2017-06-26,ZNU17,ZNU,357060,126.78125,3
2017-06-27,ZNU17,ZNU,357060,126.28125,3
2017-06-28,ZNU17,ZNU,357060,126.203125,3
2017-06-29,ZNU17,ZNU,357060,125.8125,3
2017-06-30,ZNU17,ZNU,357060,125.53125,3
2017-07-03,ZNU17,ZNU,357060,125.109375,3
2017-07-05,ZNU17,ZNU,357060,125.21875,3
2017-07-06,ZNU17,ZNU,357060,124.984375,3
2017-07-07,ZNU17,ZNU,357060,124.84375,3
2017-07-10,ZNU17,ZNU,357060,125.078125,3
2017-07-11,ZNU17,ZNU,357060,125.171875,3
2017-07-12,ZNU17,ZNU,357060,125.515625,3
2017-07-13,ZNU17,ZNU,357060,125.40625,3
2017-07-14,ZNU17,ZNU,357060,125.671875,3
2017-07-17,ZNU17,ZNU,357060,125.75,3
2017-07-18,ZNU17,ZNU,357060,126.109375,3
2017-07-19,ZNU17,ZNU,357060,126.046875,3
2017-07-20,ZNU17,ZNU,357060,126.0625,3
2017-07-21,ZNU17,ZNU,357060,126.3125,3
2017-07-24,ZNU17,ZNU,357060,126.15625,3
2017-07-25,ZNU17,ZNU,357060,125.578125,3
2017-07-26,ZNU17,ZNU,357060,126.015625,3
2017-07-27,ZNU17,ZNU,357060,125.828125,3
2017-07-28,ZNU17,ZNU,357060,125.953125,3
2017-07-31,ZNU17,ZNU,357060,125.890625,3
2017-08-01,ZNU17,ZNU,357060,126.234375,3
2017-08-02,ZNU17,ZNU,357060,126.109375,3
2017-08-03,ZNU17,ZNU,357060,126.359375,3
2017-08-04,ZNU17,ZNU,357060,126.078125,3
2017-08-07,ZNU17,ZNU,357060,126.171875,3
2017-08-08,ZNU17,ZNU,357060,126.015625,3
2017-08-09,ZNU17,ZNU,357060,126.34375,3
2017-08-10,ZNU17,ZNU,357060,126.5625,3
2017-08-11,ZNU17,ZNU,357060,126.8125,3
2017-08-14,ZNU17,ZNU,357060,126.546875,3
2017-08-15,ZNU17,ZNU,357060,126.15625,3
2017-08-16,ZNU17,ZNU,357060,126.515625,3
2017-08-17,ZNU17,ZNU,357060,126.71875,3
2017-08-18,ZNU17,ZNU,357060,126.75,3
2017-08-21,ZNU17,ZNU,357060,126.84375,3
2017-08-22,ZNU17,ZNU,357060,126.5625,3
2017-08-23,ZNU17,ZNU,357060,126.921875,3
2017-08-24,ZNU17,ZNU,357060,126.6875,3
2017-08-25,ZNU17,ZNU,357060,126.875,3
2017-08-28,ZNU17,ZNU,357060,127.0,3
2017-08-29,ZNU17,ZNU,357060,127.1875,3
2017-08-30,ZNU17,ZNU,357060,127.078125,3
2017-08-31,ZNU17,ZNU,357060,127.25,3
2017-09-01,ZNU17,ZNU,357060,126.953125,3
2017-09-05,ZNU17,ZNU,357060,127.671875,3
2017-09-06,ZNU17,ZNU,357060,127.34375,3
2017-09-07,ZNU17,ZNU,357060,127.765625,3
2017-09-08,ZNU17,ZNU,357060,127.75,3
2017-09-11,ZNU17,ZNU,357060,127.25,3
2017-09-12,ZNU17,ZNU,357060,126.90625,3
2017-09-13,ZNU17,ZNU,357060,126.71875,3
2017-09-14,ZNU17,ZNU,357060,126.6875,3
2017-09-15,ZNU17,ZNU,357060,126.59375,3
2017-09-18,ZNU17,ZNU,357060,126.375,3
2017-09-19,ZNU17,ZNU,357060,126.28125,3
2017-09-20,ZNU17,ZNU,357060,126.34375,2
2017-12-18,ZNU18,ZNU,799743,123.96875,3
2017-12-19,ZNU18,ZNU,799743,123.40625,3
2017-12-20,ZNU18,ZNU,799743,122.671875,3
2017-12-21,ZNU18,ZNU,799743,122.6875,3
2017-12-22,ZNU18,ZNU,799743,122.625,3
2017-12-26,ZNU18,ZNU,799743,122.796875,3
2017-12-27,ZNU18,ZNU,799743,123.1875,3
2017-12-28,ZNU18,ZNU,799743,123.0625,3
2017-12-29,ZNU18,ZNU,799743,123.265625,3
2018-01-02,ZNU18,ZNU,799743,122.90625,3
2018-01-03,ZNU18,ZNU,799743,123.0,3
2018-01-04,ZNU18,ZNU,799743,122.890625,3
2018-01-05,ZNU18,ZNU,799743,122.71875,3
2018-01-08,ZNU18,ZNU,799743,122.6875,3
2018-01-09,ZNU18,ZNU,799743,122.21875,3
2018-01-10,ZNU18,ZNU,799743,122.140625,3
2018-01-11,ZNU18,ZNU,799743,122.265625,3
2018-01-12,ZNU18,ZNU,799743,122.078125,3
2018-01-16,ZNU18,ZNU,799743,122.125,3
2018-01-17,ZNU18,ZNU,799743,121.78125,3
2018-01-18,ZNU18,ZNU,799743,121.53125,3
2018-01-19,ZNU18,ZNU,799743,121.34375,3
2018-01-22,ZNU18,ZNU,799743,121.125,3
2018-01-23,ZNU18,ZNU,799743,121.46875,3
2018-01-24,ZNU18,ZNU,799743,121.265625,3
2018-01-25,ZNU18,ZNU,799743,121.515625,3
2018-01-26,ZNU18,ZNU,799743,121.140625,3
2018-01-29,ZNU18,ZNU,799743,120.859375,3
2018-01-30,ZNU18,ZNU,799743,120.6875,3
2018-01-31,ZNU18,ZNU,799743,120.625,3
2018-02-01,ZNU18,ZNU,799743,120.25,3
2018-02-02,ZNU18,ZNU,799743,119.6875,3
2018-02-05,ZNU18,ZNU,799743,120.265625,3
2018-02-06,ZNU18,ZNU,799743,120.5,3
2018-02-07,ZNU18,ZNU,799743,119.96875,3
2018-02-08,ZNU18,ZNU,799743,119.84375,3
2018-02-09,ZNU18,ZNU,799743,120.140625,3
2018-02-12,ZNU18,ZNU,799743,119.859375,3
2018-02-13,ZNU18,ZNU,799743,119.96875,3
2018-02-14,ZNU18,ZNU,799743,119.25,3
2018-02-15,ZNU18,ZNU,799743,119.390625,3
2018-02-16,ZNU18,ZNU,799743,119.546875,3
2018-02-20,ZNU18,ZNU,799743,119.4375,3
2018-02-21,ZNU18,ZNU,799743,119.140625,3
2018-02-22,ZNU18,ZNU,799743,119.375,3
2018-02-23,ZNU18,ZNU,799743,119.703125,3
2018-02-26,ZNU18,ZNU,799743,119.796875,3
2018-02-27,ZNU18,ZNU,799743,119.328125,3
2018-02-28,ZNU18,ZNU,799743,119.578125,3
2018-03-01,ZNU18,ZNU,799743,120.140625,3
2018-03-02,ZNU18,ZNU,799743,119.71875,3
2018-03-05,ZNU18,ZNU,799743,119.5625,3
2018-03-06,ZNU18,ZNU,799743,119.5625,3
2018-03-07,ZNU18,ZNU,799743,119.5625,3
2018-03-08,ZNU18,ZNU,799743,119.8125,3
2018-03-09,ZNU18,ZNU,799743,119.6875,3
2018-03-12,ZNU18,ZNU,799743,119.859375,3
2018-03-13,ZNU18,ZNU,799743,119.984375,3
2018-03-14,ZNU18,ZNU,799743,120.203125,3
2018-03-15,ZNU18,ZNU,799743,120.15625,3
2018-03-16,ZNU18,ZNU,799743,120.0,3
2018-03-19,ZNU18,ZNU,799743,120.046875,3
2018-03-20,ZNU18,ZNU,799743,119.75,3
2018-03-21,ZNU18,ZNU,799743,119.625,3
2018-03-22,ZNU18,ZNU,799743,120.21875,3
2018-03-23,ZNU18,ZNU,799743,120.328125,3
2018-03-26,ZNU18,ZNU,799743,120.1875,3
2018-03-27,ZNU18,ZNU,799743,120.640625,3
2018-03-28,ZNU18,ZNU,799743,120.671875,3
2018-03-29,ZNU18,ZNU,799743,120.890625,3
2018-04-02,ZNU18,ZNU,799743,121.03125,3
2018-04-03,ZNU18,ZNU,799743,120.609375,3
2018-04-04,ZNU18,ZNU,799743,120.578125,3
2018-04-05,ZNU18,ZNU,799743,120.28125,3
2018-04-06,ZNU18,ZNU,799743,120.75,3
2018-04-09,ZNU18,ZNU,799743,120.640625,3
2018-04-10,ZNU18,ZNU,799743,120.484375,3
2018-04-11,ZNU18,ZNU,799743,120.59375,3
2018-04-12,ZNU18,ZNU,799743,120.203125,3
2018-04-13,ZNU18,ZNU,799743,120.21875,3
2018-04-16,ZNU18,ZNU,799743,120.203125,3
2018-04-17,ZNU18,ZNU,799743,120.296875,3
2018-04-18,ZNU18,ZNU,799743,119.859375,3
2018-04-19,ZNU18,ZNU,799743,119.5,3
2018-04-20,ZNU18,ZNU,799743,119.21875,3
2018-04-23,ZNU18,ZNU,799743,118.984375,3
2018-04-24,ZNU18,ZNU,799743,118.984375,3
2018-04-25,ZNU18,ZNU,799743,118.703125,3
2018-04-26,ZNU18,ZNU,799743,118.953125,3
2018-04-27,ZNU18,ZNU,799743,119.15625,3
2018-04-30,ZNU18,ZNU,799743,119.28125,3
2018-05-01,ZNU18,ZNU,799743,119.03125,3
2018-05-02,ZNU18,ZNU,799743,119.15625,3
2018-05-03,ZNU18,ZNU,799743,119.34375,3
2018-05-04,ZNU18,ZNU,799743,119.359375,3
2018-05-07,ZNU18,ZNU,799743,119.359375,3
2018-05-08,ZNU18,ZNU,799743,119.1875,3
2018-05-09,ZNU18,ZNU,799743,118.921875,3
2018-05-10,ZNU18,ZNU,799743,119.046875,3
2018-05-11,ZNU18,ZNU,799743,119.078125,3
2018-05-14,ZNU18,ZNU,799743,118.90625,3
2018-05-15,ZNU18,ZNU,799743,118.21875,3
2018-05-16,ZNU18,ZNU,799743,118.15625,3
2018-05-17,ZNU18,ZNU,799743,118.125,3
2018-05-18,ZNU18,ZNU,799743,118.484375,3
2018-05-21,ZNU18,ZNU,799743,118.46875,3
2018-05-22,ZNU18,ZNU,799743,118.515625,3
2018-05-23,ZNU18,ZNU,799743,119.0625,3
2018-05-24,ZNU18,ZNU,799743,119.171875,3
2018-05-25,ZNU18,ZNU,799743,119.53125,3
2018-05-29,ZNU18,ZNU,799743,120.9375,3
2018-05-30,ZNU18,ZNU,799743,120.296875,3
2018-05-31,ZNU18,ZNU,799743,120.4375,3
2018-06-01,ZNU18,ZNU,799743,119.84375,3
2018-06-04,ZNU18,ZNU,799743,119.5,3
2018-06-05,ZNU18,ZNU,799743,119.703125,3
2018-06-06,ZNU18,ZNU,799743,119.28125,3
2018-06-07,ZNU18,ZNU,799743,119.59375,3
2018-06-08,ZNU18,ZNU,799743,119.59375,3
2018-06-11,ZNU18,ZNU,799743,119.4375,3
2018-06-12,ZNU18,ZNU,799743,119.40625,3
2018-06-13,ZNU18,ZNU,799743,119.1875,3
2018-06-14,ZNU18,ZNU,799743,119.4375,3
2018-06-15,ZNU18,ZNU,799743,119.59375,3
2018-06-18,ZNU18,ZNU,799743,119.59375,3
2018-06-19,ZNU18,ZNU,799743,119.84375,3
2018-06-20,ZNU18,ZNU,799743,119.609375,3
2018-06-21,ZNU18,ZNU,799743,119.859375,3
2018-06-22,ZNU18,ZNU,799743,119.828125,3
2018-06-25,ZNU18,ZNU,799743,120.03125,3
2018-06-26,ZNU18,ZNU,799743,120.0,3
2018-06-27,ZNU18,ZNU,799743,120.390625,3
2018-06-28,ZNU18,ZNU,799743,120.1875,3
2018-06-29,ZNU18,ZNU,799743,120.1875,3
2018-07-02,ZNU18,ZNU,799743,120.078125,3
2018-07-03,ZNU18,ZNU,799743,120.3125,3
2018-07-05,ZNU18,ZNU,799743,120.25,3
2018-07-06,ZNU18,ZNU,799743,120.34375,3
2018-07-09,ZNU18,ZNU,799743,120.125,3
2018-07-10,ZNU18,ZNU,799743,120.015625,3
2018-07-11,ZNU18,ZNU,799743,120.25,3
2018-07-12,ZNU18,ZNU,799743,120.15625,3
2018-07-13,ZNU18,ZNU,799743,120.359375,3
2018-07-16,ZNU18,ZNU,799743,120.171875,3
2018-07-17,ZNU18,ZNU,799743,120.125,3
2018-07-18,ZNU18,ZNU,799743,120.0625,3
2018-07-19,ZNU18,ZNU,799743,120.296875,3
2018-07-20,ZNU18,ZNU,799743,119.984375,3
2018-07-23,ZNU18,ZNU,799743,119.484375,3
2018-07-24,ZNU18,ZNU,799743,119.5625,3
2018-07-25,ZNU18,ZNU,799743,119.65625,3
2018-07-26,ZNU18,ZNU,799743,119.34375,3
2018-07-27,ZNU18,ZNU,799743,119.4375,3
2018-07-30,ZNU18,ZNU,799743,119.375,3
2018-07-31,ZNU18,ZNU,799743,119.421875,3
2018-08-01,ZNU18,ZNU,799743,119.171875,3
2018-08-02,ZNU18,ZNU,799743,119.328125,3
2018-08-03,ZNU18,ZNU,799743,119.609375,3
2018-08-06,ZNU18,ZNU,799743,119.734375,3
2018-08-07,ZNU18,ZNU,799743,119.46875,3
2018-08-08,ZNU18,ZNU,799743,119.5,3
2018-08-09,ZNU18,ZNU,799743,119.71875,3
2018-08-10,ZNU18,ZNU,799743,120.375,3
2018-08-13,ZNU18,ZNU,799743,120.25,3
2018-08-14,ZNU18,ZNU,799743,120.109375,3
2018-08-15,ZNU18,ZNU,799743,120.4375,3
2018-08-16,ZNU18,ZNU,799743,120.265625,3
2018-08-17,ZNU18,ZNU,799743,120.25,3
2018-08-20,ZNU18,ZNU,799743,120.625,3
2018-08-21,ZNU18,ZNU,799743,120.453125,3
2018-08-22,ZNU18,ZNU,799743,120.625,3
2018-08-23,ZNU18,ZNU,799743,120.59375,3
2018-08-24,ZNU18,ZNU,799743,120.515625,3
2018-08-27,ZNU18,ZNU,799743,120.34375,3
2018-08-28,ZNU18,ZNU,799743,120.09375,3
2018-08-29,ZNU18,ZNU,799743,120.09375,3
2018-08-30,ZNU18,ZNU,799743,120.265625,3
2018-08-31,ZNU18,ZNU,799743,120.390625,3
2018-09-04,ZNU18,ZNU,799743,120.0625,3
2018-09-05,ZNU18,ZNU,799743,120.09375,3
2018-09-06,ZNU18,ZNU,799743,120.296875,3
2018-09-07,ZNU18,ZNU,799743,119.796875,3
2018-09-10,ZNU18,ZNU,799743,119.8125,3
2018-09-11,ZNU18,ZNU,799743,119.5,3
2018-09-12,ZNU18,ZNU,799743,119.609375,3
2018-09-13,ZNU18,ZNU,799743,119.59375,3
2018-09-14,ZNU18,ZNU,799743,119.359375,3
2018-09-17,ZNU18,ZNU,799743,119.3125,3
2018-09-18,ZNU18,ZNU,799743,118.984375,3
2018-09-19,ZNU18,ZNU,799743,118.859375,2
2018-12-18,ZNU19,ZNU,596431,120.828125,3
2018-12-19,ZNU19,ZNU,596431,121.140625,3
2018-12-20,ZNU19,ZNU,596431,121.109375,3
2018-12-21,ZNU19,ZNU,596431,121.09375,3
2018-12-24,ZNU19,ZNU,596431,121.484375,3
2018-12-26,ZNU19,ZNU,596431,121.328125,3
2018-12-27,ZNU19,ZNU,596431,121.859375,3
2018-12-28,ZNU19,ZNU,596431,121.984375,3
2018-12-31,ZNU19,ZNU,596431,122.375,3
2019-01-02,ZNU19,ZNU,596431,122.5625,3
2019-01-03,ZNU19,ZNU,596431,123.640625,3
2019-01-04,ZNU19,ZNU,596431,122.78125,3
2019-01-07,ZNU19,ZNU,596431,122.546875,3
2019-01-08,ZNU19,ZNU,596431,122.21875,3
2019-01-09,ZNU19,ZNU,596431,122.1875,3
2019-01-10,ZNU19,ZNU,596431,122.1875,3
2019-01-11,ZNU19,ZNU,596431,122.4375,3
2019-01-14,ZNU19,ZNU,596431,122.390625,3
2019-01-15,ZNU19,ZNU,596431,122.390625,3
2019-01-16,ZNU19,ZNU,596431,122.203125,3
2019-01-17,ZNU19,ZNU,596431,122.0,3
2019-01-18,ZNU19,ZNU,596431,121.328125,3
2019-01-22,ZNU19,ZNU,596431,121.75,3
2019-01-23,ZNU19,ZNU,596431,121.546875,3
2019-01-24,ZNU19,ZNU,596431,121.953125,3
2019-01-25,ZNU19,ZNU,596431,121.59375,3
2019-01-28,ZNU19,ZNU,596431,121.6875,3
2019-01-29,ZNU19,ZNU,596431,121.96875,3
2019-01-30,ZNU19,ZNU,596431,122.1875,3
2019-01-31,ZNU19,ZNU,596431,122.6875,3
2019-02-01,ZNU19,ZNU,596431,122.125,3
2019-02-04,ZNU19,ZNU,596431,121.890625,3
2019-02-05,ZNU19,ZNU,596431,122.0625,3
2019-02-06,ZNU19,ZNU,596431,122.078125,3
2019-02-07,ZNU19,ZNU,596431,122.5,3
2019-02-08,ZNU19,ZNU,596431,122.59375,3
2019-02-11,ZNU19,ZNU,596431,122.328125,3
2019-02-12,ZNU19,ZNU,596431,122.15625,3
2019-02-13,ZNU19,ZNU,596431,121.953125,3
2019-02-14,ZNU19,ZNU,596431,122.390625,3
2019-02-15,ZNU19,ZNU,596431,122.265625,3
2019-02-19,ZNU19,ZNU,596431,122.4375,3
2019-02-20,ZNU19,ZNU,596431,122.390625,3
2019-02-21,ZNU19,ZNU,596431,122.140625,3
2019-02-22,ZNU19,ZNU,596431,122.390625,3
2019-02-25,ZNU19,ZNU,596431,122.28125,3
2019-02-26,ZNU19,ZNU,596431,122.59375,3
2019-02-27,ZNU19,ZNU,596431,122.140625,3
2019-02-28,ZNU19,ZNU,596431,121.921875,3
2019-03-01,ZNU19,ZNU,596431,121.5625,3
2019-03-04,ZNU19,ZNU,596431,121.78125,3
2019-03-05,ZNU19,ZNU,596431,121.796875,3
2019-03-06,ZNU19,ZNU,596431,122.078125,3
2019-03-07,ZNU19,ZNU,596431,122.578125,3
2019-03-08,ZNU19,ZNU,596431,122.6875,3
2019-03-11,ZNU19,ZNU,596431,122.5625,3
2019-03-12,ZNU19,ZNU,596431,122.796875,3
2019-03-13,ZNU19,ZNU,596431,122.78125,3
2019-03-14,ZNU19,ZNU,596431,122.625,3
2019-03-15,ZNU19,ZNU,596431,122.890625,3
2019-03-18,ZNU19,ZNU,596431,122.765625,3
2019-03-19,ZNU19,ZNU,596431,122.765625,3
2019-03-20,ZNU19,ZNU,596431,123.40625,3
2019-03-21,ZNU19,ZNU,596431,123.265625,3
2019-03-22,ZNU19,ZNU,596431,124.140625,3
2019-03-25,ZNU19,ZNU,596431,124.46875,3
2019-03-26,ZNU19,ZNU,596431,124.609375,3
2019-03-27,ZNU19,ZNU,596431,124.90625,3
2019-03-28,ZNU19,ZNU,596431,124.71875,3
2019-03-29,ZNU19,ZNU,596431,124.4375,3
2019-04-01,ZNU19,ZNU,596431,123.828125,3
2019-04-02,ZNU19,ZNU,596431,123.984375,3
2019-04-03,ZNU19,ZNU,596431,123.734375,3
2019-04-04,ZNU19,ZNU,596431,123.796875,3
2019-04-05,ZNU19,ZNU,596431,123.828125,3
2019-04-08,ZNU19,ZNU,596431,123.65625,3
2019-04-09,ZNU19,ZNU,596431,123.859375,3
2019-04-10,ZNU19,ZNU,596431,124.046875,3
2019-04-11,ZNU19,ZNU,596431,123.8125,3
2019-04-12,ZNU19,ZNU,596431,123.3125,3
2019-04-15,ZNU19,ZNU,596431,123.375,3
2019-04-16,ZNU19,ZNU,596431,123.0,3
2019-04-17,ZNU19,ZNU,596431,123.015625,3
2019-04-18,ZNU19,ZNU,596431,123.328125,3
2019-04-22,ZNU19,ZNU,596431,123.109375,3
2019-04-23,ZNU19,ZNU,596431,123.296875,3
2019-04-24,ZNU19,ZNU,596431,123.75,3
2019-04-25,ZNU19,ZNU,596431,123.59375,3
2019-04-26,ZNU19,ZNU,596431,123.890625,3
2019-04-29,ZNU19,ZNU,596431,123.640625,3
2019-04-30,ZNU19,ZNU,596431,123.890625,3
2019-05-01,ZNU19,ZNU,596431,123.796875,3
2019-05-02,ZNU19,ZNU,596431,123.375,3
2019-05-03,ZNU19,ZNU,596431,123.546875,3
2019-05-06,ZNU19,ZNU,596431,123.84375,3
2019-05-07,ZNU19,ZNU,596431,124.265625,3
2019-05-08,ZNU19,ZNU,596431,123.984375,3
2019-05-09,ZNU19,ZNU,596431,124.234375,3
2019-05-10,ZNU19,ZNU,596431,124.234375,3
2019-05-13,ZNU19,ZNU,596431,124.6875,3
2019-05-14,ZNU19,ZNU,596431,124.59375,3
2019-05-15,ZNU19,ZNU,596431,124.953125,3
2019-05-16,ZNU19,ZNU,596431,124.703125,3
2019-05-17,ZNU19,ZNU,596431,124.78125,3
2019-05-20,ZNU19,ZNU,596431,124.5625,3
2019-05-21,ZNU19,ZNU,596431,124.40625,3
2019-05-22,ZNU19,ZNU,596431,124.71875,3
2019-05-23,ZNU19,ZNU,596431,125.53125,3
2019-05-24,ZNU19,ZNU,596431,125.1875,3
2019-05-28,ZNU19,ZNU,596431,125.71875,3
2019-05-29,ZNU19,ZNU,596431,125.953125,3
2019-05-30,ZNU19,ZNU,596431,126.015625,3
2019-05-31,ZNU19,ZNU,596431,126.75,3
2019-06-03,ZNU19,ZNU,596431,127.28125,3
2019-06-04,ZNU19,ZNU,596431,126.953125,3
2019-06-05,ZNU19,ZNU,596431,126.984375,3
2019-06-06,ZNU19,ZNU,596431,126.9375,3
2019-06-07,ZNU19,ZNU,596431,127.21875,3
2019-06-10,ZNU19,ZNU,596431,126.75,3
2019-06-11,ZNU19,ZNU,596431,126.796875,3
2019-06-12,ZNU19,ZNU,596431,126.984375,3
2019-06-13,ZNU19,ZNU,596431,127.359375,3
2019-06-14,ZNU19,ZNU,596431,127.296875,3
2019-06-17,ZNU19,ZNU,596431,127.328125,3
2019-06-18,ZNU19,ZNU,596431,127.5,3
2019-06-19,ZNU19,ZNU,596431,127.859375,3
2019-06-20,ZNU19,ZNU,596431,128.0625,3
2019-06-21,ZNU19,ZNU,596431,127.515625,3
2019-06-24,ZNU19,ZNU,596431,127.9375,3
2019-06-25,ZNU19,ZNU,596431,128.125,3
2019-06-26,ZNU19,ZNU,596431,127.59375,3
2019-06-27,ZNU19,ZNU,596431,127.9375,3
2019-06-28,ZNU19,ZNU,596431,127.96875,3
2019-07-01,ZNU19,ZNU,596431,127.6875,3
2019-07-02,ZNU19,ZNU,596431,128.140625,3
2019-07-03,ZNU19,ZNU,596431,128.25,3
2019-07-05,ZNU19,ZNU,596431,127.46875,3
2019-07-08,ZNU19,ZNU,596431,127.5,3
2019-07-09,ZNU19,ZNU,596431,127.296875,3
2019-07-10,ZNU19,ZNU,596431,127.4375,3
2019-07-11,ZNU19,ZNU,596431,126.984375,3
2019-07-12,ZNU19,ZNU,596431,127.109375,3
2019-07-15,ZNU19,ZNU,596431,127.171875,3
2019-07-16,ZNU19,ZNU,596431,126.921875,3
2019-07-17,ZNU19,ZNU,596431,127.359375,3
2019-07-18,ZNU19,ZNU,596431,127.640625,3
2019-07-19,ZNU19,ZNU,596431,127.53125,3
2019-07-22,ZNU19,ZNU,596431,127.59375,3
2019-07-23,ZNU19,ZNU,596431,127.359375,3
2019-07-24,ZNU19,ZNU,596431,127.515625,3
2019-07-25,ZNU19,ZNU,596431,127.28125,3
2019-07-26,ZNU19,ZNU,596431,127.21875,3
2019-07-29,ZNU19,ZNU,596431,127.453125,3
2019-07-30,ZNU19,ZNU,596431,127.34375,3
2019-07-31,ZNU19,ZNU,596431,127.421875,3
2019-08-01,ZNU19,ZNU,596431,128.6875,3
2019-08-02,ZNU19,ZNU,596431,128.859375,3
2019-08-05,ZNU19,ZNU,596431,129.84375,3
2019-08-06,ZNU19,ZNU,596431,129.765625,3
2019-08-07,ZNU19,ZNU,596431,130.15625,3
2019-08-08,ZNU19,ZNU,596431,129.921875,3
2019-08-09,ZNU19,ZNU,596431,129.6875,3
2019-08-12,ZNU19,ZNU,596431,130.375,3
2019-08-13,ZNU19,ZNU,596431,129.828125,3
2019-08-14,ZNU19,ZNU,596431,130.515625,3
2019-08-15,ZNU19,ZNU,596431,130.953125,3
2019-08-16,ZNU19,ZNU,596431,130.921875,3
2019-08-19,ZNU19,ZNU,596431,130.4375,3
2019-08-20,ZNU19,ZNU,596431,130.734375,3
2019-08-21,ZNU19,ZNU,596431,130.53125,3
2019-08-22,ZNU19,ZNU,596431,130.296875,3
2019-08-23,ZNU19,ZNU,596431,130.953125,3
2019-08-26,ZNU19,ZNU,596431,130.78125,3
2019-08-27,ZNU19,ZNU,596431,131.140625,3
2019-08-28,ZNU19,ZNU,596431,131.359375,3
2019-08-29,ZNU19,ZNU,596431,130.953125,3
2019-08-30,ZNU19,ZNU,596431,131.046875,3
2019-09-03,ZNU19,ZNU,596431,131.453125,3
2019-09-04,ZNU19,ZNU,596431,131.609375,3
2019-09-05,ZNU19,ZNU,596431,130.65625,3
2019-09-06,ZNU19,ZNU,596431,130.734375,3
2019-09-09,ZNU19,ZNU,596431,130.25,3
2019-09-10,ZNU19,ZNU,596431,129.5625,3
2019-09-11,ZNU19,ZNU,596431,129.34375,3
2019-09-12,ZNU19,ZNU,596431,128.890625,3
2019-09-13,ZNU19,ZNU,596431,128.078125,3
2019-09-16,ZNU19,ZNU,596431,128.53125,3
2019-09-17,ZNU19,ZNU,596431,128.71875,3
2019-09-18,ZNU19,ZNU,596431,128.8125,3
2019-09-19,ZNU19,ZNU,596431,128.921875,2
2019-12-16,ZNU20,ZNU,421732,128.3125,3
2019-12-17,ZNU20,ZNU,421732,128.34375,3
2019-12-18,ZNU20,ZNU,421732,128.046875,3
2019-12-19,ZNU20,ZNU,421732,128.171875,3
2019-12-20,ZNU20,ZNU,421732,128.109375,3
2019-12-23,ZNU20,ZNU,421732,127.53125,3
2019-12-24,ZNU20,ZNU,421732,127.75,3
2019-12-26,ZNU20,ZNU,421732,127.734375,3
2019-12-27,ZNU20,ZNU,421732,128.015625,3
2019-12-30,ZNU20,ZNU,421732,127.875,3
2019-12-31,ZNU20,ZNU,421732,127.765625,3
2020-01-02,ZNU20,ZNU,421732,127.984375,3
2020-01-03,ZNU20,ZNU,421732,128.765625,3
2020-01-06,ZNU20,ZNU,421732,128.625,3
2020-01-07,ZNU20,ZNU,421732,128.53125,3
2020-01-08,ZNU20,ZNU,421732,128.140625,3
2020-01-09,ZNU20,ZNU,421732,128.265625,3
2020-01-10,ZNU20,ZNU,421732,128.46875,3
2020-01-13,ZNU20,ZNU,421732,128.296875,3
2020-01-14,ZNU20,ZNU,421732,128.515625,3
2020-01-15,ZNU20,ZNU,421732,128.734375,3
2020-01-16,ZNU20,ZNU,421732,128.546875,3
2020-01-17,ZNU20,ZNU,421732,128.4375,3
2020-01-21,ZNU20,ZNU,421732,128.984375,3
2020-01-22,ZNU20,ZNU,421732,128.953125,3
2020-01-23,ZNU20,ZNU,421732,129.1875,3
2020-01-24,ZNU20,ZNU,421732,129.703125,3
2020-01-27,ZNU20,ZNU,421732,130.328125,3
2020-01-28,ZNU20,ZNU,421732,130.03125,3
2020-01-29,ZNU20,ZNU,421732,130.453125,3
2020-01-30,ZNU20,ZNU,421732,130.765625,3
2020-01-31,ZNU20,ZNU,421732,131.109375,3
2020-02-03,ZNU20,ZNU,421732,131.03125,3
2020-02-04,ZNU20,ZNU,421732,130.328125,3
2020-02-05,ZNU20,ZNU,421732,129.96875,3
2020-02-06,ZNU20,ZNU,421732,129.984375,3
2020-02-07,ZNU20,ZNU,421732,130.53125,3
2020-02-10,ZNU20,ZNU,421732,130.8125,3
2020-02-11,ZNU20,ZNU,421732,130.453125,3
2020-02-12,ZNU20,ZNU,421732,130.140625,3
2020-02-13,ZNU20,ZNU,421732,130.21875,3
2020-02-14,ZNU20,ZNU,421732,130.4375,3
2020-02-18,ZNU20,ZNU,421732,130.65625,3
2020-02-19,ZNU20,ZNU,421732,130.53125,3
2020-02-20,ZNU20,ZNU,421732,130.90625,3
2020-02-21,ZNU20,ZNU,421732,131.328125,3
2020-02-24,ZNU20,ZNU,421732,132.140625,3
2020-02-25,ZNU20,ZNU,421732,132.59375,3
2020-02-26,ZNU20,ZNU,421732,132.796875,3
2020-02-28,ZNU20,ZNU,421732,134.328125,3
2020-03-02,ZNU20,ZNU,421732,134.6875,3
2020-03-03,ZNU20,ZNU,421732,135.328125,3
2020-03-04,ZNU20,ZNU,421732,135.578125,3
2020-03-05,ZNU20,ZNU,421732,136.109375,3
2020-03-06,ZNU20,ZNU,421732,137.5,3
2020-03-09,ZNU20,ZNU,421732,139.03125,3
2020-03-10,ZNU20,ZNU,421732,137.203125,3
2020-03-11,ZNU20,ZNU,421732,136.96875,3
2020-03-12,ZNU20,ZNU,421732,136.828125,3
2020-03-13,ZNU20,ZNU,421732,135.859375,3
2020-03-16,ZNU20,ZNU,421732,137.546875,3
2020-03-17,ZNU20,ZNU,421732,135.515625,3
2020-03-18,ZNU20,ZNU,421732,133.703125,3
2020-03-19,ZNU20,ZNU,421732,134.84375,3
2020-03-20,ZNU20,ZNU,421732,136.359375,3
2020-03-23,ZNU20,ZNU,421732,137.828125,3
2020-03-24,ZNU20,ZNU,421732,137.078125,3
2020-03-25,ZNU20,ZNU,421732,136.96875,3
2020-03-26,ZNU20,ZNU,421732,137.359375,3
2020-03-27,ZNU20,ZNU,421732,137.890625,3
2020-03-30,ZNU20,ZNU,421732,138.453125,3
2020-03-31,ZNU20,ZNU,421732,138.3125,3
2020-04-01,ZNU20,ZNU,421732,138.609375,3
2020-04-02,ZNU20,ZNU,421732,138.515625,3
2020-04-03,ZNU20,ZNU,421732,138.765625,3
2020-04-06,ZNU20,ZNU,421732,138.03125,3
2020-04-07,ZNU20,ZNU,421732,137.71875,3
2020-04-08,ZNU20,ZNU,421732,137.65625,3
2020-04-09,ZNU20,ZNU,421732,138.0625,3
2020-04-13,ZNU20,ZNU,421732,137.859375,3
2020-04-14,ZNU20,ZNU,421732,137.953125,3
2020-04-15,ZNU20,ZNU,421732,138.9375,3
2020-04-16,ZNU20,ZNU,421732,139.015625,3
2020-04-17,ZNU20,ZNU,421732,138.6875,3
2020-04-20,ZNU20,ZNU,421732,138.90625,3
2020-04-21,ZNU20,ZNU,421732,139.203125,3
2020-04-22,ZNU20,ZNU,421732,138.84375,3
2020-04-23,ZNU20,ZNU,421732,138.8125,3
2020-04-24,ZNU20,ZNU,421732,138.90625,3
2020-04-27,ZNU20,ZNU,421732,138.4375,3
2020-04-28,ZNU20,ZNU,421732,138.8125,3
2020-04-29,ZNU20,ZNU,421732,138.75,3
2020-04-30,ZNU20,ZNU,421732,138.84375,3
2020-05-01,ZNU20,ZNU,421732,138.640625,3
2020-05-04,ZNU20,ZNU,421732,138.734375,3
2020-05-05,ZNU20,ZNU,421732,138.625,3
2020-05-06,ZNU20,ZNU,421732,138.296875,3
2020-05-07,ZNU20,ZNU,421732,139.0625,3
2020-05-08,ZNU20,ZNU,421732,138.703125,3
2020-05-11,ZNU20,ZNU,421732,138.375,3
2020-05-12,ZNU20,ZNU,421732,138.703125,3
2020-05-13,ZNU20,ZNU,421732,138.984375,3
2020-05-14,ZNU20,ZNU,421732,139.1875,3
2020-05-15,ZNU20,ZNU,421732,139.09375,3
2020-05-18,ZNU20,ZNU,421732,138.3125,3
2020-05-19,ZNU20,ZNU,421732,138.578125,3
2020-05-20,ZNU20,ZNU,421732,138.78125,3
2020-05-21,ZNU20,ZNU,421732,138.78125,3
2020-05-22,ZNU20,ZNU,421732,138.890625,3
2020-05-26,ZNU20,ZNU,421732,138.6875,3
2020-05-27,ZNU20,ZNU,421732,138.84375,3
2020-05-28,ZNU20,ZNU,421732,138.65625,3
2020-05-29,ZNU20,ZNU,421732,139.0625,3
2020-06-01,ZNU20,ZNU,421732,139.015625,3
2020-06-02,ZNU20,ZNU,421732,138.859375,3
2020-06-03,ZNU20,ZNU,421732,138.1875,3
2020-06-04,ZNU20,ZNU,421732,137.796875,3
2020-06-05,ZNU20,ZNU,421732,137.09375,3
2020-06-08,ZNU20,ZNU,421732,137.296875,3
2020-06-09,ZNU20,ZNU,421732,137.71875,3
2020-06-10,ZNU20,ZNU,421732,138.484375,3
2020-06-11,ZNU20,ZNU,421732,139.046875,3
2020-06-12,ZNU20,ZNU,421732,138.734375,3
2020-06-15,ZNU20,ZNU,421732,138.734375,3
2020-06-16,ZNU20,ZNU,421732,138.4375,3
2020-06-17,ZNU20,ZNU,421732,138.59375,3
2020-06-18,ZNU20,ZNU,421732,138.828125,3
2020-06-19,ZNU20,ZNU,421732,138.78125,3
2020-06-22,ZNU20,ZNU,421732,138.703125,3
2020-06-23,ZNU20,ZNU,421732,138.75,3
2020-06-24,ZNU20,ZNU,421732,138.875,3
2020-06-25,ZNU20,ZNU,421732,138.90625,3
2020-06-26,ZNU20,ZNU,421732,139.21875,3
2020-06-29,ZNU20,ZNU,421732,139.328125,3
2020-07-01,ZNU20,ZNU,421732,138.953125,3
2020-07-02,ZNU20,ZNU,421732,139.09375,3
2020-07-06,ZNU20,ZNU,421732,138.984375,3
2020-07-07,ZNU20,ZNU,421732,139.203125,3
2020-07-08,ZNU20,ZNU,421732,139.1875,3
2020-07-09,ZNU20,ZNU,421732,139.5,3
2020-07-10,ZNU20,ZNU,421732,139.21875,3
2020-07-13,ZNU20,ZNU,421732,139.21875,3
2020-07-14,ZNU20,ZNU,421732,139.421875,3
2020-07-15,ZNU20,ZNU,421732,139.34375,3
2020-07-16,ZNU20,ZNU,421732,139.484375,3
2020-07-17,ZNU20,ZNU,421732,139.359375,3
2020-07-20,ZNU20,ZNU,421732,139.390625,3
2020-07-21,ZNU20,ZNU,421732,139.515625,3
2020-07-22,ZNU20,ZNU,421732,139.5625,3
2020-07-23,ZNU20,ZNU,421732,139.625,3
2020-07-24,ZNU20,ZNU,421732,139.578125,3
2020-07-27,ZNU20,ZNU,421732,139.46875,3
2020-07-28,ZNU20,ZNU,421732,139.703125,3
2020-07-29,ZNU20,ZNU,421732,139.75,3
2020-07-30,ZNU20,ZNU,421732,140.015625,3
2020-07-31,ZNU20,ZNU,421732,140.078125,3
2020-08-03,ZNU20,ZNU,421732,139.9375,3
2020-08-04,ZNU20,ZNU,421732,140.328125,3
2020-08-05,ZNU20,ZNU,421732,140.078125,3
2020-08-06,ZNU20,ZNU,421732,140.15625,3
2020-08-07,ZNU20,ZNU,421732,139.953125,3
2020-08-10,ZNU20,ZNU,421732,139.875,3
2020-08-11,ZNU20,ZNU,421732,139.25,3
2020-08-12,ZNU20,ZNU,421732,139.1875,3
2020-08-13,ZNU20,ZNU,421732,138.96875,3
2020-08-14,ZNU20,ZNU,421732,139.125,3
2020-08-17,ZNU20,ZNU,421732,139.328125,3
2020-08-18,ZNU20,ZNU,421732,139.390625,3
2020-08-19,ZNU20,ZNU,421732,139.375,3
2020-08-20,ZNU20,ZNU,421732,139.5625,3
2020-08-21,ZNU20,ZNU,421732,139.5625,3
2020-08-24,ZNU20,ZNU,421732,139.515625,3
2020-08-25,ZNU20,ZNU,421732,139.3125,3
2020-08-26,ZNU20,ZNU,421732,139.3125,3
2020-08-27,ZNU20,ZNU,421732,138.96875,3
2020-08-28,ZNU20,ZNU,421732,139.25,3
2020-08-31,ZNU20,ZNU,421732,139.40625,3
2020-09-01,ZNU20,ZNU,421732,139.578125,3
2020-09-02,ZNU20,ZNU,421732,139.703125,3
2020-09-03,ZNU20,ZNU,421732,139.921875,3
2020-09-04,ZNU20,ZNU,421732,139.203125,3
2020-09-08,ZNU20,ZNU,421732,139.5625,3
2020-09-09,ZNU20,ZNU,421732,139.46875,3
2020-09-10,ZNU20,ZNU,421732,139.59375,3
2020-09-11,ZNU20,ZNU,421732,139.765625,3
2020-09-14,ZNU20,ZNU,421732,139.734375,3
2020-09-15,ZNU20,ZNU,421732,139.671875,3
2020-09-16,ZNU20,ZNU,421732,139.640625,3
2020-09-17,ZNU20,ZNU,421732,139.640625,3
2020-09-18,ZNU20,ZNU,421732,139.609375,3
2020-09-21,ZNU20,ZNU,421732,139.765625,2
2020-12-18,ZNU21,ZNU,703006,137.046875,3
2020-12-21,ZNU21,ZNU,703006,137.015625,3
2020-12-22,ZNU21,ZNU,703006,137.234375,3
2020-12-23,ZNU21,ZNU,703006,136.984375,3
2020-12-24,ZNU21,ZNU,703006,137.09375,3
2020-12-28,ZNU21,ZNU,703006,137.125,3
2020-12-29,ZNU21,ZNU,703006,137.046875,3
2020-12-30,ZNU21,ZNU,703006,137.09375,3
2020-12-31,ZNU21,ZNU,703006,137.1875,3
2021-01-04,ZNU21,ZNU,703006,137.203125,3
2021-01-05,ZNU21,ZNU,703006,136.90625,3
2021-01-06,ZNU21,ZNU,703006,136.25,3
2021-01-07,ZNU21,ZNU,703006,136.0,3
2021-01-08,ZNU21,ZNU,703006,135.640625,3
2021-01-11,ZNU21,ZNU,703006,135.421875,3
2021-01-12,ZNU21,ZNU,703006,135.359375,3
2021-01-13,ZNU21,ZNU,703006,135.765625,3
2021-01-14,ZNU21,ZNU,703006,135.53125,3
2021-01-15,ZNU21,ZNU,703006,135.84375,3
2021-01-19,ZNU21,ZNU,703006,135.921875,3
2021-01-20,ZNU21,ZNU,703006,135.953125,3
2021-01-21,ZNU21,ZNU,703006,135.875,3
2021-01-22,ZNU21,ZNU,703006,136.015625,3
2021-01-25,ZNU21,ZNU,703006,136.359375,3
2021-01-26,ZNU21,ZNU,703006,136.375,3
2021-01-27,ZNU21,ZNU,703006,136.53125,3
2021-01-28,ZNU21,ZNU,703006,136.234375,3
2021-01-29,ZNU21,ZNU,703006,136.015625,3
2021-02-01,ZNU21,ZNU,703006,136.171875,3
2021-02-02,ZNU21,ZNU,703006,135.90625,3
2021-02-03,ZNU21,ZNU,703006,135.765625,3
2021-02-04,ZNU21,ZNU,703006,135.75,3
2021-02-05,ZNU21,ZNU,703006,135.625,3
2021-02-08,ZNU21,ZNU,703006,135.625,3
2021-02-09,ZNU21,ZNU,703006,135.65625,3
2021-02-10,ZNU21,ZNU,703006,135.875,3
2021-02-11,ZNU21,ZNU,703006,135.8125,3
2021-02-12,ZNU21,ZNU,703006,135.484375,3
2021-02-16,ZNU21,ZNU,703006,134.703125,3
2021-02-17,ZNU21,ZNU,703006,134.65625,3
2021-02-18,ZNU21,ZNU,703006,134.59375,3
2021-02-19,ZNU21,ZNU,703006,134.15625,3
2021-02-22,ZNU21,ZNU,703006,134.046875,3
2021-02-23,ZNU21,ZNU,703006,134.140625,3
2021-02-24,ZNU21,ZNU,703006,133.890625,3
2021-02-25,ZNU21,ZNU,703006,132.390625,3
2021-02-26,ZNU21,ZNU,703006,132.53125,3
2021-03-01,ZNU21,ZNU,703006,133.0,3
2021-03-02,ZNU21,ZNU,703006,133.359375,3
2021-03-03,ZNU21,ZNU,703006,132.203125,3
2021-03-04,ZNU21,ZNU,703006,131.546875,3
2021-03-05,ZNU21,ZNU,703006,131.5,3
2021-03-08,ZNU21,ZNU,703006,131.03125,3
2021-03-09,ZNU21,ZNU,703006,131.453125,3
2021-03-10,ZNU21,ZNU,703006,131.6875,3
2021-03-11,ZNU21,ZNU,703006,131.765625,3
2021-03-12,ZNU21,ZNU,703006,130.9375,3
2021-03-15,ZNU21,ZNU,703006,131.109375,3
2021-03-16,ZNU21,ZNU,703006,131.109375,3
2021-03-17,ZNU21,ZNU,703006,131.25,3
2021-03-18,ZNU21,ZNU,703006,130.421875,3
2021-03-19,ZNU21,ZNU,703006,130.375,3
2021-03-22,ZNU21,ZNU,703006,130.703125,3
2021-03-23,ZNU21,ZNU,703006,131.15625,3
2021-03-24,ZNU21,ZNU,703006,131.21875,3
2021-03-25,ZNU21,ZNU,703006,131.25,3
2021-03-26,ZNU21,ZNU,703006,130.890625,3
2021-03-29,ZNU21,ZNU,703006,130.484375,3
2021-03-30,ZNU21,ZNU,703006,130.28125,3
2021-03-31,ZNU21,ZNU,703006,130.03125,3
2021-04-01,ZNU21,ZNU,703006,130.546875,3
2021-04-02,ZNU21,ZNU,703006,130.078125,3
2021-04-05,ZNU21,ZNU,703006,130.25,3
2021-04-06,ZNU21,ZNU,703006,130.84375,3
2021-04-07,ZNU21,ZNU,703006,130.96875,3
2021-04-08,ZNU21,ZNU,703006,131.140625,3
2021-04-09,ZNU21,ZNU,703006,130.875,3
2021-04-12,ZNU21,ZNU,703006,130.75,3
2021-04-13,ZNU21,ZNU,703006,131.21875,3
2021-04-14,ZNU21,ZNU,703006,131.0625,3
2021-04-15,ZNU21,ZNU,703006,131.84375,3
2021-04-16,ZNU21,ZNU,703006,131.546875,3
2021-04-19,ZNU21,ZNU,703006,131.40625,3
2021-04-20,ZNU21,ZNU,703006,131.75,3
2021-04-21,ZNU21,ZNU,703006,131.703125,3
2021-04-22,ZNU21,ZNU,703006,131.734375,3
2021-04-23,ZNU21,ZNU,703006,131.625,3
2021-04-26,ZNU21,ZNU,703006,131.5625,3
2021-04-27,ZNU21,ZNU,703006,131.203125,3
2021-04-28,ZNU21,ZNU,703006,131.265625,3
2021-04-29,ZNU21,ZNU,703006,131.140625,3
2021-04-30,ZNU21,ZNU,703006,131.1875,3
2021-05-03,ZNU21,ZNU,703006,131.484375,3
2021-05-04,ZNU21,ZNU,703006,131.578125,3
2021-05-05,ZNU21,ZNU,703006,131.703125,3
2021-05-06,ZNU21,ZNU,703006,131.828125,3
2021-05-07,ZNU21,ZNU,703006,131.90625,3
2021-05-10,ZNU21,ZNU,703006,131.75,3
2021-05-11,ZNU21,ZNU,703006,131.59375,3
2021-05-12,ZNU21,ZNU,703006,131.03125,3
2021-05-13,ZNU21,ZNU,703006,131.3125,3
2021-05-14,ZNU21,ZNU,703006,131.546875,3
2021-05-17,ZNU21,ZNU,703006,131.484375,3
2021-05-18,ZNU21,ZNU,703006,131.515625,3
2021-05-19,ZNU21,ZNU,703006,131.125,3
2021-05-20,ZNU21,ZNU,703006,131.59375,3
2021-05-21,ZNU21,ZNU,703006,131.546875,3
2021-05-24,ZNU21,ZNU,703006,131.734375,3
2021-05-25,ZNU21,ZNU,703006,132.078125,3
2021-05-26,ZNU21,ZNU,703006,132.03125,3
2021-05-27,ZNU21,ZNU,703006,131.78125,3
2021-05-28,ZNU21,ZNU,703006,131.9375,3
2021-06-01,ZNU21,ZNU,703006,131.796875,3
2021-06-02,ZNU21,ZNU,703006,131.9375,3
2021-06-03,ZNU21,ZNU,703006,131.59375,3
2021-06-04,ZNU21,ZNU,703006,132.203125,3
2021-06-07,ZNU21,ZNU,703006,132.109375,3
2021-06-08,ZNU21,ZNU,703006,132.453125,3
2021-06-09,ZNU21,ZNU,703006,132.765625,3
2021-06-10,ZNU21,ZNU,703006,132.9375,3
2021-06-11,ZNU21,ZNU,703006,132.84375,3
2021-06-14,ZNU21,ZNU,703006,132.515625,3
2021-06-15,ZNU21,ZNU,703006,132.53125,3
2021-06-16,ZNU21,ZNU,703006,131.75,3
2021-06-17,ZNU21,ZNU,703006,132.015625,3
2021-06-18,ZNU21,ZNU,703006,132.3125,3
2021-06-21,ZNU21,ZNU,703006,132.203125,3
2021-06-22,ZNU21,ZNU,703006,132.359375,3
2021-06-23,ZNU21,ZNU,703006,132.1875,3
2021-06-24,ZNU21,ZNU,703006,132.171875,3
2021-06-25,ZNU21,ZNU,703006,131.859375,3
2021-06-28,ZNU21,ZNU,703006,132.265625,3
2021-06-29,ZNU21,ZNU,703006,132.265625,3
2021-06-30,ZNU21,ZNU,703006,132.5,3
2021-07-01,ZNU21,ZNU,703006,132.265625,3
2021-07-02,ZNU21,ZNU,703006,132.671875,3
2021-07-06,ZNU21,ZNU,703006,133.21875,3
2021-07-07,ZNU21,ZNU,703006,133.546875,3
2021-07-08,ZNU21,ZNU,703006,133.890625,3
2021-07-09,ZNU21,ZNU,703006,133.421875,3
2021-07-12,ZNU21,ZNU,703006,133.40625,3
2021-07-13,ZNU21,ZNU,703006,132.984375,3
2021-07-14,ZNU21,ZNU,703006,133.453125,3
2021-07-15,ZNU21,ZNU,703006,133.796875,3
2021-07-16,ZNU21,ZNU,703006,133.78125,3
2021-07-19,ZNU21,ZNU,703006,134.6875,3
2021-07-20,ZNU21,ZNU,703006,134.671875,3
2021-07-21,ZNU21,ZNU,703006,134.109375,3
2021-07-22,ZNU21,ZNU,703006,134.25,3
2021-07-23,ZNU21,ZNU,703006,134.140625,3
2021-07-26,ZNU21,ZNU,703006,134.203125,3
2021-07-27,ZNU21,ZNU,703006,134.46875,3
2021-07-28,ZNU21,ZNU,703006,134.265625,3
2021-07-29,ZNU21,ZNU,703006,134.21875,3
2021-07-30,ZNU21,ZNU,703006,134.453125,3
2021-08-02,ZNU21,ZNU,703006,135.0,3
2021-08-03,ZNU21,ZNU,703006,135.0,3
2021-08-04,ZNU21,ZNU,703006,134.828125,3
2021-08-05,ZNU21,ZNU,703006,134.5,3
2021-08-06,ZNU21,ZNU,703006,134.0,3
2021-08-09,ZNU21,ZNU,703006,133.78125,3
2021-08-10,ZNU21,ZNU,703006,133.546875,3
2021-08-11,ZNU21,ZNU,703006,133.578125,3
2021-08-12,ZNU21,ZNU,703006,133.453125,3
2021-08-13,ZNU21,ZNU,703006,133.953125,3
2021-08-16,ZNU21,ZNU,703006,134.328125,3
2021-08-17,ZNU21,ZNU,703006,134.265625,3
2021-08-18,ZNU21,ZNU,703006,134.140625,3
2021-08-19,ZNU21,ZNU,703006,134.328125,3
2021-08-20,ZNU21,ZNU,703006,134.125,3
2021-08-23,ZNU21,ZNU,703006,134.21875,3
2021-08-24,ZNU21,ZNU,703006,133.984375,3
2021-08-25,ZNU21,ZNU,703006,133.625,3
2021-08-26,ZNU21,ZNU,703006,133.59375,3
2021-08-27,ZNU21,ZNU,703006,133.890625,3
2021-08-30,ZNU21,ZNU,703006,134.125,3
2021-08-31,ZNU21,ZNU,703006,134.046875,3
2021-09-01,ZNU21,ZNU,703006,134.046875,3
2021-09-02,ZNU21,ZNU,703006,134.125,3
2021-09-03,ZNU21,ZNU,703006,134.0,3
2021-09-07,ZNU21,ZNU,703006,133.625,3
2021-09-08,ZNU21,ZNU,703006,133.859375,3
2021-09-09,ZNU21,ZNU,703006,134.09375,3
2021-09-10,ZNU21,ZNU,703006,133.765625,3
2021-09-13,ZNU21,ZNU,703006,133.921875,3
2021-09-14,ZNU21,ZNU,703006,134.203125,3
2021-09-15,ZNU21,ZNU,703006,134.0,3
2021-09-16,ZNU21,ZNU,703006,133.703125,3
2021-09-17,ZNU21,ZNU,703006,133.40625,3
2021-09-20,ZNU21,ZNU,703006,133.84375,3
2021-09-21,ZNU21,ZNU,703006,133.859375,2
2021-12-15,ZNU22,ZNU,234665,130.203125,2
2021-12-16,ZNU22,ZNU,234665,130.875,2
2021-12-17,ZNU22,ZNU,234665,130.96875,3
2021-12-20,ZNU22,ZNU,234665,130.984375,3
2021-12-21,ZNU22,ZNU,234665,130.390625,3
2021-12-22,ZNU22,ZNU,234665,130.546875,3
2021-12-23,ZNU22,ZNU,234665,130.359375,3
2021-12-27,ZNU22,ZNU,234665,130.375,3
2021-12-28,ZNU22,ZNU,234665,130.4375,3
2021-12-29,ZNU22,ZNU,234665,130.03125,3
2021-12-30,ZNU22,ZNU,234665,130.296875,3
2021-12-31,ZNU22,ZNU,234665,130.359375,3
2022-01-03,ZNU22,ZNU,234665,129.3125,3
2022-01-04,ZNU22,ZNU,234665,129.078125,3
2022-01-05,ZNU22,ZNU,234665,128.921875,3
2022-01-06,ZNU22,ZNU,234665,128.421875,3
2022-01-07,ZNU22,ZNU,234665,128.21875,3
2022-01-10,ZNU22,ZNU,234665,128.015625,3
2022-01-11,ZNU22,ZNU,234665,128.265625,3
2022-01-12,ZNU22,ZNU,234665,128.453125,3
2022-01-13,ZNU22,ZNU,234665,128.59375,3
2022-01-14,ZNU22,ZNU,234665,128.0625,3
2022-01-18,ZNU22,ZNU,234665,127.1875,3
2022-01-19,ZNU22,ZNU,234665,127.484375,3
2022-01-20,ZNU22,ZNU,234665,127.515625,3
2022-01-21,ZNU22,ZNU,234665,128.15625,2
2022-01-24,ZNU22,ZNU,234665,128.375,3
2022-01-25,ZNU22,ZNU,234665,127.984375,3
2022-01-26,ZNU22,ZNU,234665,127.34375,3
2022-01-27,ZNU22,ZNU,234665,127.546875,3
2022-01-28,ZNU22,ZNU,234665,127.84375,3
2022-01-31,ZNU22,ZNU,234665,127.875,3
2022-02-01,ZNU22,ZNU,234665,127.78125,3
2022-02-02,ZNU22,ZNU,234665,128.03125,3
2022-02-03,ZNU22,ZNU,234665,127.53125,3
2022-02-04,ZNU22,ZNU,234665,126.65625,3
2022-02-07,ZNU22,ZNU,234665,126.796875,3
2022-02-08,ZNU22,ZNU,234665,126.453125,3
2022-02-09,ZNU22,ZNU,234665,126.640625,3
2022-02-10,ZNU22,ZNU,234665,125.703125,3
2022-02-11,ZNU22,ZNU,234665,126.0,3
2022-02-14,ZNU22,ZNU,234665,125.59375,3
2022-02-15,ZNU22,ZNU,234665,125.34375,3
2022-02-16,ZNU22,ZNU,234665,125.375,3
2022-02-17,ZNU22,ZNU,234665,126.0,3
2022-02-18,ZNU22,ZNU,234665,126.265625,3
2022-02-22,ZNU22,ZNU,234665,126.078125,3
2022-02-23,ZNU22,ZNU,234665,125.875,3
2022-02-24,ZNU22,ZNU,234665,126.0625,3
2022-02-25,ZNU22,ZNU,234665,125.828125,3
2022-02-28,ZNU22,ZNU,234665,127.09375,3
2022-03-01,ZNU22,ZNU,234665,128.34375,3
2022-03-02,ZNU22,ZNU,234665,126.890625,3
2022-03-03,ZNU22,ZNU,234665,127.125,3
2022-03-04,ZNU22,ZNU,234665,128.140625,3
2022-03-07,ZNU22,ZNU,234665,127.71875,3
2022-03-08,ZNU22,ZNU,234665,126.8125,2
2022-03-09,ZNU22,ZNU,234665,126.28125,3
2022-03-10,ZNU22,ZNU,234665,125.765625,3
2022-03-11,ZNU22,ZNU,234665,125.71875,3
2022-03-14,ZNU22,ZNU,234665,124.640625,3
2022-03-15,ZNU22,ZNU,234665,124.484375,3
2022-03-16,ZNU22,ZNU,234665,124.0625,3
2022-03-17,ZNU22,ZNU,234665,124.15625,3
2022-03-18,ZNU22,ZNU,234665,124.46875,3
2022-03-21,ZNU22,ZNU,234665,123.125,3
2022-03-22,ZNU22,ZNU,234665,122.46875,3
2022-03-23,ZNU22,ZNU,234665,122.859375,3
2022-03-24,ZNU22,ZNU,234665,122.640625,3
2022-03-25,ZNU22,ZNU,234665,121.328125,3
2022-03-28,ZNU22,ZNU,234665,121.484375,3
2022-03-29,ZNU22,ZNU,234665,122.171875,3
2022-03-30,ZNU22,ZNU,234665,122.46875,3
2022-03-31,ZNU22,ZNU,234665,122.71875,3
2022-04-01,ZNU22,ZNU,234665,122.078125,3
2022-04-04,ZNU22,ZNU,234665,121.9375,3
2022-04-05,ZNU22,ZNU,234665,120.734375,3
2022-04-06,ZNU22,ZNU,234665,120.5,3
2022-04-07,ZNU22,ZNU,234665,120.328125,3
2022-04-08,ZNU22,ZNU,234665,119.875,3
2022-04-11,ZNU22,ZNU,234665,119.421875,3
2022-04-12,ZNU22,ZNU,234665,120.0625,3
2022-04-13,ZNU22,ZNU,234665,120.359375,3
2022-04-14,ZNU22,ZNU,234665,119.453125,3
2022-04-18,ZNU22,ZNU,234665,119.125,3
2022-04-19,ZNU22,ZNU,234665,118.59375,3
2022-04-20,ZNU22,ZNU,234665,119.0,3
2022-04-21,ZNU22,ZNU,234665,118.234375,3
2022-04-22,ZNU22,ZNU,234665,118.40625,3
2022-04-25,ZNU22,ZNU,234665,119.15625,3
2022-04-26,ZNU22,ZNU,234665,119.625,3
2022-04-27,ZNU22,ZNU,234665,119.40625,3
2022-04-28,ZNU22,ZNU,234665,118.953125,3
2022-04-29,ZNU22,ZNU,234665,118.734375,3
2022-05-02,ZNU22,ZNU,234665,117.859375,3
2022-05-03,ZNU22,ZNU,234665,118.046875,3
2022-05-04,ZNU22,ZNU,234665,118.609375,3
2022-05-05,ZNU22,ZNU,234665,117.453125,3
2022-05-06,ZNU22,ZNU,234665,117.171875,3
2022-05-09,ZNU22,ZNU,234665,117.578125,3
2022-05-10,ZNU22,ZNU,234665,118.25,3
2022-05-11,ZNU22,ZNU,234665,118.765625,3
2022-05-12,ZNU22,ZNU,234665,119.546875,3
2022-05-13,ZNU22,ZNU,234665,118.703125,3
2022-05-16,ZNU22,ZNU,234665,119.25,3
2022-05-17,ZNU22,ZNU,234665,118.421875,3
2022-05-18,ZNU22,ZNU,234665,118.984375,3
2022-05-19,ZNU22,ZNU,234665,119.28125,3
2022-05-20,ZNU22,ZNU,234665,119.734375,3
2022-05-23,ZNU22,ZNU,234665,119.171875,3
2022-05-24,ZNU22,ZNU,234665,120.0,3
2022-05-25,ZNU22,ZNU,234665,120.21875,3
2022-05-26,ZNU22,ZNU,234665,120.21875,3
2022-05-27,ZNU22,ZNU,234665,120.140625,3
2022-05-31,ZNU22,ZNU,234665,119.453125,3
2022-06-01,ZNU22,ZNU,234665,118.640625,3
2022-06-02,ZNU22,ZNU,234665,118.859375,3
2022-06-03,ZNU22,ZNU,234665,118.546875,3
2022-06-06,ZNU22,ZNU,234665,117.921875,3
2022-06-07,ZNU22,ZNU,234665,118.421875,3
2022-06-08,ZNU22,ZNU,234665,118.078125,3
2022-06-09,ZNU22,ZNU,234665,117.921875,3
2022-06-10,ZNU22,ZNU,234665,116.8125,3
2022-06-13,ZNU22,ZNU,234665,115.28125,3
2022-06-14,ZNU22,ZNU,234665,114.40625,3
2022-06-15,ZNU22,ZNU,234665,115.15625,3
2022-06-16,ZNU22,ZNU,234665,115.8125,3
2022-06-17,ZNU22,ZNU,234665,116.1875,3
2022-06-21,ZNU22,ZNU,234665,115.796875,3
2022-06-22,ZNU22,ZNU,234665,116.953125,3
2022-06-23,ZNU22,ZNU,234665,117.65625,3
2022-06-24,ZNU22,ZNU,234665,117.34375,3
2022-06-27,ZNU22,ZNU,234665,116.8125,3
2022-06-28,ZNU22,ZNU,234665,116.703125,3
2022-06-29,ZNU22,ZNU,234665,117.515625,3
2022-06-30,ZNU22,ZNU,234665,118.53125,3
2022-07-01,ZNU22,ZNU,234665,119.265625,3
2022-07-05,ZNU22,ZNU,234665,119.921875,3
2022-07-06,ZNU22,ZNU,234665,119.046875,3
2022-07-07,ZNU22,ZNU,234665,118.265625,3
2022-07-08,ZNU22,ZNU,234665,117.625,3
2022-07-11,ZNU22,ZNU,234665,118.375,3
2022-07-12,ZNU22,ZNU,234665,118.65625,3
2022-07-13,ZNU22,ZNU,234665,118.921875,3
2022-07-14,ZNU22,ZNU,234665,118.5,3
2022-07-15,ZNU22,ZNU,234665,118.640625,3
2022-07-18,ZNU22,ZNU,234665,118.46875,3
2022-07-19,ZNU22,ZNU,234665,117.96875,3
2022-07-20,ZNU22,ZNU,234665,117.78125,3
2022-07-21,ZNU22,ZNU,234665,118.90625,3
2022-07-22,ZNU22,ZNU,234665,119.890625,3
2022-07-25,ZNU22,ZNU,234665,119.65625,3
2022-07-26,ZNU22,ZNU,234665,119.859375,3
2022-07-27,ZNU22,ZNU,234665,120.421875,3
2022-07-28,ZNU22,ZNU,234665,120.984375,3
2022-07-29,ZNU22,ZNU,234665,121.140625,3
2022-08-01,ZNU22,ZNU,234665,121.359375,3
2022-08-02,ZNU22,ZNU,234665,120.125,3
2022-08-03,ZNU22,ZNU,234665,120.09375,3
2022-08-04,ZNU22,ZNU,234665,120.734375,3
2022-08-05,ZNU22,ZNU,234665,119.375,3
2022-08-08,ZNU22,ZNU,234665,119.859375,3
2022-08-09,ZNU22,ZNU,234665,119.484375,3
2022-08-10,ZNU22,ZNU,234665,119.75,3
2022-08-11,ZNU22,ZNU,234665,119.09375,3
2022-08-12,ZNU22,ZNU,234665,119.265625,3
2022-08-15,ZNU22,ZNU,234665,119.703125,3
2022-08-16,ZNU22,ZNU,234665,119.390625,3
2022-08-17,ZNU22,ZNU,234665,118.765625,3
2022-08-18,ZNU22,ZNU,234665,118.84375,3
2022-08-19,ZNU22,ZNU,234665,118.109375,3
2022-08-22,ZNU22,ZNU,234665,117.71875,3
2022-08-23,ZNU22,ZNU,234665,117.625,3
2022-08-24,ZNU22,ZNU,234665,117.25,3
2022-08-25,ZNU22,ZNU,234665,117.78125,3
2022-08-26,ZNU22,ZNU,234665,117.578125,3
2022-08-29,ZNU22,ZNU,234665,117.03125,3
2022-08-30,ZNU22,ZNU,234665,117.0,3
2022-08-31,ZNU22,ZNU,234665,116.875,3
2022-09-01,ZNU22,ZNU,234665,115.984375,3
2022-09-02,ZNU22,ZNU,234665,116.65625,3
2022-09-06,ZNU22,ZNU,234665,115.609375,3
2022-09-07,ZNU22,ZNU,234665,116.171875,3
2022-09-08,ZNU22,ZNU,234665,115.96875,3
2022-09-09,ZNU22,ZNU,234665,115.734375,3
2022-09-12,ZNU22,ZNU,234665,115.59375,3
2022-09-13,ZNU22,ZNU,234665,114.921875,3
2022-09-14,ZNU22,ZNU,234665,114.953125,3
2022-09-15,ZNU22,ZNU,234665,114.484375,3
2022-09-16,ZNU22,ZNU,234665,114.75,3
2022-09-19,ZNU22,ZNU,234665,114.359375,3
2022-09-20,ZNU22,ZNU,234665,113.84375,3
2022-09-21,ZNU22,ZNU,234665,113.625,2
2022-12-20,ZNU23,ZNU,338574,114.84375,3
2022-12-21,ZNU23,ZNU,338574,114.875,3
2022-12-22,ZNU23,ZNU,338574,114.734375,3
2022-12-23,ZNU23,ZNU,338574,114.34375,3
2022-12-27,ZNU23,ZNU,338574,113.546875,3
2022-12-28,ZNU23,ZNU,338574,113.40625,3
2022-12-29,ZNU23,ZNU,338574,113.71875,3
2022-12-30,ZNU23,ZNU,338574,113.546875,3
2023-01-03,ZNU23,ZNU,338574,113.53125,3
2023-01-04,ZNU23,ZNU,338574,114.09375,3
2023-01-05,ZNU23,ZNU,338574,113.921875,3
2023-01-06,ZNU23,ZNU,338574,115.109375,3
2023-01-09,ZNU23,ZNU,338574,115.53125,3
2023-01-10,ZNU23,ZNU,338574,114.921875,3
2023-01-11,ZNU23,ZNU,338574,115.359375,3
2023-01-12,ZNU23,ZNU,338574,116.171875,3
2023-01-13,ZNU23,ZNU,338574,115.703125,3
2023-01-17,ZNU23,ZNU,338574,115.59375,3
2023-01-18,ZNU23,ZNU,338574,116.859375,3
2023-01-19,ZNU23,ZNU,338574,116.59375,3
2023-01-20,ZNU23,ZNU,338574,116.0,3
2023-01-23,ZNU23,ZNU,338574,115.609375,3
2023-01-24,ZNU23,ZNU,338574,116.234375,3
2023-01-25,ZNU23,ZNU,338574,116.34375,3
2023-01-26,ZNU23,ZNU,338574,116.0625,3
2023-01-27,ZNU23,ZNU,338574,115.859375,3
2023-01-30,ZNU23,ZNU,338574,115.515625,3
2023-01-31,ZNU23,ZNU,338574,115.765625,3
2023-02-01,ZNU23,ZNU,338574,116.75,3
2023-02-02,ZNU23,ZNU,338574,116.828125,3
2023-02-03,ZNU23,ZNU,338574,115.671875,3
2023-02-06,ZNU23,ZNU,338574,114.75,3
2023-02-07,ZNU23,ZNU,338574,114.46875,3
2023-02-08,ZNU23,ZNU,338574,114.640625,3
2023-02-09,ZNU23,ZNU,338574,114.265625,3
2023-02-10,ZNU23,ZNU,338574,113.921875,3
2023-02-13,ZNU23,ZNU,338574,114.015625,3
2023-02-14,ZNU23,ZNU,338574,113.546875,3
2023-02-15,ZNU23,ZNU,338574,113.203125,3
2023-02-16,ZNU23,ZNU,338574,113.015625,3
2023-02-17,ZNU23,ZNU,338574,113.125,3
2023-02-21,ZNU23,ZNU,338574,112.0,3
2023-02-22,ZNU23,ZNU,338574,112.140625,3
2023-02-23,ZNU23,ZNU,338574,112.390625,3
2023-02-24,ZNU23,ZNU,338574,111.84375,3
2023-02-27,ZNU23,ZNU,338574,112.046875,3
2023-02-28,ZNU23,ZNU,338574,112.09375,3
2023-03-01,ZNU23,ZNU,338574,111.484375,3
2023-03-02,ZNU23,ZNU,338574,110.96875,3
2023-03-03,ZNU23,ZNU,338574,111.515625,3
2023-03-06,ZNU23,ZNU,338574,111.421875,3
2023-03-07,ZNU23,ZNU,338574,111.390625,3
2023-03-08,ZNU23,ZNU,338574,111.359375,3
2023-03-09,ZNU23,ZNU,338574,111.921875,3
2023-03-10,ZNU23,ZNU,338574,113.578125,3
2023-03-13,ZNU23,ZNU,338574,115.09375,3
2023-03-14,ZNU23,ZNU,338574,114.34375,3
2023-03-15,ZNU23,ZNU,338574,115.609375,3
2023-03-16,ZNU23,ZNU,338574,114.671875,3
2023-03-17,ZNU23,ZNU,338574,116.375,3
2023-03-20,ZNU23,ZNU,338574,115.734375,3
2023-03-21,ZNU23,ZNU,338574,114.78125,3
2023-03-22,ZNU23,ZNU,338574,115.9375,3
2023-03-23,ZNU23,ZNU,338574,116.828125,3
2023-03-24,ZNU23,ZNU,338574,116.875,3
2023-03-27,ZNU23,ZNU,338574,115.75,3
2023-03-28,ZNU23,ZNU,338574,115.421875,3
2023-03-29,ZNU23,ZNU,338574,115.234375,3
2023-03-30,ZNU23,ZNU,338574,115.25,3
2023-03-31,ZNU23,ZNU,338574,115.609375,3
2023-04-03,ZNU23,ZNU,338574,116.171875,3
2023-04-04,ZNU23,ZNU,338574,116.984375,3
2023-04-05,ZNU23,ZNU,338574,117.328125,3
2023-04-06,ZNU23,ZNU,338574,117.296875,3
2023-04-07,ZNU23,ZNU,338574,116.546875,3
2023-04-10,ZNU23,ZNU,338574,116.25,3
2023-04-11,ZNU23,ZNU,338574,116.125,3
2023-04-12,ZNU23,ZNU,338574,116.46875,3
2023-04-13,ZNU23,ZNU,338574,116.203125,3
2023-04-14,ZNU23,ZNU,338574,115.609375,3
2023-04-17,ZNU23,ZNU,338574,115.09375,3
2023-04-18,ZNU23,ZNU,338574,115.21875,3
2023-04-19,ZNU23,ZNU,338574,114.921875,3
2023-04-20,ZNU23,ZNU,338574,115.40625,3
2023-04-21,ZNU23,ZNU,338574,115.203125,3
2023-04-24,ZNU23,ZNU,338574,115.640625,3
2023-04-25,ZNU23,ZNU,338574,116.59375,3
2023-04-26,ZNU23,ZNU,338574,116.34375,3
2023-04-27,ZNU23,ZNU,338574,115.515625,3
2023-04-28,ZNU23,ZNU,338574,116.015625,3
2023-05-01,ZNU23,ZNU,338574,115.28125,3
2023-05-02,ZNU23,ZNU,338574,116.359375,3
2023-05-03,ZNU23,ZNU,338574,116.734375,3
2023-05-04,ZNU23,ZNU,338574,117.40625,3
2023-05-05,ZNU23,ZNU,338574,116.546875,3
2023-05-08,ZNU23,ZNU,338574,115.984375,3
2023-05-09,ZNU23,ZNU,338574,116.015625,3
2023-05-10,ZNU23,ZNU,338574,116.75,3
2023-05-11,ZNU23,ZNU,338574,116.90625,3
2023-05-12,ZNU23,ZNU,338574,116.28125,3
2023-05-15,ZNU23,ZNU,338574,116.078125,3
2023-05-16,ZNU23,ZNU,338574,115.75,3
2023-05-17,ZNU23,ZNU,338574,115.40625,3
2023-05-18,ZNU23,ZNU,338574,114.71875,3
2023-05-19,ZNU23,ZNU,338574,114.34375,3
2023-05-22,ZNU23,ZNU,338574,114.25,3
2023-05-23,ZNU23,ZNU,338574,114.390625,3
2023-05-24,ZNU23,ZNU,338574,114.21875,3
2023-05-25,ZNU23,ZNU,338574,113.40625,3
2023-05-26,ZNU23,ZNU,338574,113.1875,3
2023-05-30,ZNU23,ZNU,338574,114.03125,3
2023-05-31,ZNU23,ZNU,338574,114.46875,3
2023-06-01,ZNU23,ZNU,338574,114.734375,3
2023-06-02,ZNU23,ZNU,338574,113.84375,3
2023-06-05,ZNU23,ZNU,338574,113.890625,3
2023-06-06,ZNU23,ZNU,338574,113.78125,3
2023-06-07,ZNU23,ZNU,338574,113.21875,3
2023-06-08,ZNU23,ZNU,338574,113.734375,3
2023-06-09,ZNU23,ZNU,338574,113.390625,3
2023-06-12,ZNU23,ZNU,338574,113.359375,3
2023-06-13,ZNU23,ZNU,338574,112.671875,3
2023-06-14,ZNU23,ZNU,338574,112.875,3
2023-06-15,ZNU23,ZNU,338574,113.453125,3
2023-06-16,ZNU23,ZNU,338574,113.046875,3
2023-06-20,ZNU23,ZNU,338574,113.3125,3
2023-06-21,ZNU23,ZNU,338574,113.3125,3
2023-06-22,ZNU23,ZNU,338574,112.734375,3
2023-06-23,ZNU23,ZNU,338574,113.078125,3
2023-06-26,ZNU23,ZNU,338574,113.234375,3
2023-06-27,ZNU23,ZNU,338574,112.828125,3
2023-06-28,ZNU23,ZNU,338574,113.25,3
2023-06-29,ZNU23,ZNU,338574,112.125,3
2023-06-30,ZNU23,ZNU,338574,112.265625,3
2023-07-03,ZNU23,ZNU,338574,111.9375,3
2023-07-05,ZNU23,ZNU,338574,111.359375,3
2023-07-06,ZNU23,ZNU,338574,110.609375,3
2023-07-07,ZNU23,ZNU,338574,110.671875,3
2023-07-10,ZNU23,ZNU,338574,111.140625,3
2023-07-11,ZNU23,ZNU,338574,111.265625,3
2023-07-12,ZNU23,ZNU,338574,112.265625,3
2023-07-13,ZNU23,ZNU,338574,113.046875,3
2023-07-14,ZNU23,ZNU,338574,112.5625,3
2023-07-17,ZNU23,ZNU,338574,112.71875,3
2023-07-18,ZNU23,ZNU,338574,112.75,3
2023-07-19,ZNU23,ZNU,338574,113.0,3
2023-07-20,ZNU23,ZNU,338574,112.140625,3
2023-07-21,ZNU23,ZNU,338574,112.234375,3
2023-07-24,ZNU23,ZNU,338574,112.0625,3
2023-07-25,ZNU23,ZNU,338574,111.609375,3
2023-07-26,ZNU23,ZNU,338574,112.140625,3
2023-07-27,ZNU23,ZNU,338574,111.015625,3
2023-07-28,ZNU23,ZNU,338574,111.34375,3
2023-07-31,ZNU23,ZNU,338574,111.40625,3
2023-08-01,ZNU23,ZNU,338574,110.875,3
2023-08-02,ZNU23,ZNU,338574,110.796875,3
2023-08-03,ZNU23,ZNU,338574,110.234375,3
2023-08-04,ZNU23,ZNU,338574,111.140625,3
2023-08-07,ZNU23,ZNU,338574,111.125,3
2023-08-08,ZNU23,ZNU,338574,111.40625,3
2023-08-09,ZNU23,ZNU,338574,111.390625,3
2023-08-10,ZNU23,ZNU,338574,110.859375,3
2023-08-11,ZNU23,ZNU,338574,110.1875,3
2023-08-14,ZNU23,ZNU,338574,110.0,3
2023-08-15,ZNU23,ZNU,338574,109.765625,3
2023-08-16,ZNU23,ZNU,338574,109.5625,3
2023-08-17,ZNU23,ZNU,338574,109.28125,3
2023-08-18,ZNU23,ZNU,338574,109.640625,3
2023-08-21,ZNU23,ZNU,338574,109.078125,3
2023-08-22,ZNU23,ZNU,338574,109.0625,3
2023-08-23,ZNU23,ZNU,338574,109.90625,3
2023-08-24,ZNU23,ZNU,338574,109.59375,3
2023-08-25,ZNU23,ZNU,338574,109.4375,3
2023-08-28,ZNU23,ZNU,338574,109.640625,3
2023-08-29,ZNU23,ZNU,338574,110.328125,3
2023-08-30,ZNU23,ZNU,338574,110.359375,3
2023-08-31,ZNU23,ZNU,338574,110.5625,3
2023-09-01,ZNU23,ZNU,338574,110.15625,3
2023-09-05,ZNU23,ZNU,338574,109.546875,3
2023-09-06,ZNU23,ZNU,338574,109.28125,3
2023-09-07,ZNU23,ZNU,338574,109.609375,3
2023-09-08,ZNU23,ZNU,338574,109.53125,3
2023-09-11,ZNU23,ZNU,338574,109.40625,3
2023-09-12,ZNU23,ZNU,338574,109.515625,3
2023-09-13,ZNU23,ZNU,338574,109.640625,3
2023-09-14,ZNU23,ZNU,338574,109.359375,3
2023-09-15,ZNU23,ZNU,338574,109.171875,3
2023-09-18,ZNU23,ZNU,338574,109.203125,3
2023-09-19,ZNU23,ZNU,338574,108.828125,3
2023-09-20,ZNU23,ZNU,338574,109.1875,2
2023-12-19,ZNU24,ZNU,42002321,113.71875,3
2023-12-20,ZNU24,ZNU,42002321,113.9375,3
2023-12-21,ZNU24,ZNU,42002321,113.890625,3
2023-12-22,ZNU24,ZNU,42002321,113.765625,3
2023-12-26,ZNU24,ZNU,42002321,113.953125,3
2023-12-27,ZNU24,ZNU,42002321,114.453125,3
2023-12-28,ZNU24,ZNU,42002321,114.0625,3
2023-12-29,ZNU24,ZNU,42002321,114.140625,3
2024-01-02,ZNU24,ZNU,42002321,113.515625,3
2024-01-03,ZNU24,ZNU,42002321,113.75,3
2024-01-04,ZNU24,ZNU,42002321,113.1875,3
2024-01-05,ZNU24,ZNU,42002321,112.90625,3
2024-01-08,ZNU24,ZNU,42002321,113.25,3
2024-01-09,ZNU24,ZNU,42002321,113.09375,3
2024-01-10,ZNU24,ZNU,42002321,113.078125,3
2024-01-11,ZNU24,ZNU,42002321,113.546875,3
2024-01-12,ZNU24,ZNU,42002321,113.78125,3
2024-01-16,ZNU24,ZNU,42002321,113.015625,3
2024-01-17,ZNU24,ZNU,42002321,112.546875,3
2024-01-18,ZNU24,ZNU,42002321,112.3125,3
2024-01-19,ZNU24,ZNU,42002321,112.25,3
2024-01-22,ZNU24,ZNU,42002321,112.640625,3
2024-01-23,ZNU24,ZNU,42002321,112.34375,3
2024-01-24,ZNU24,ZNU,42002321,112.140625,3
2024-01-25,ZNU24,ZNU,42002321,112.5,3
2024-01-26,ZNU24,ZNU,42002321,112.203125,3
2024-01-29,ZNU24,ZNU,42002321,112.703125,3
2024-01-30,ZNU24,ZNU,42002321,112.828125,3
2024-01-31,ZNU24,ZNU,42002321,113.5625,3
2024-02-01,ZNU24,ZNU,42002321,114.171875,3
2024-02-02,ZNU24,ZNU,42002321,112.890625,3
2024-02-05,ZNU24,ZNU,42002321,111.96875,3
2024-02-06,ZNU24,ZNU,42002321,112.484375,3
2024-02-07,ZNU24,ZNU,42002321,112.390625,3
2024-02-08,ZNU24,ZNU,42002321,111.921875,3
2024-02-09,ZNU24,ZNU,42002321,111.75,3
2024-02-12,ZNU24,ZNU,42002321,111.890625,3
2024-02-13,ZNU24,ZNU,42002321,110.75,3
2024-02-14,ZNU24,ZNU,42002321,111.140625,3
2024-02-15,ZNU24,ZNU,42002321,111.3125,3
2024-02-16,ZNU24,ZNU,42002321,110.859375,3
2024-02-20,ZNU24,ZNU,42002321,111.0625,3
2024-02-21,ZNU24,ZNU,42002321,110.734375,3
2024-02-22,ZNU24,ZNU,42002321,110.609375,3
2024-02-23,ZNU24,ZNU,42002321,111.0,3
2024-02-26,ZNU24,ZNU,42002321,110.71875,3
2024-02-27,ZNU24,ZNU,42002321,110.578125,3
2024-02-28,ZNU24,ZNU,42002321,110.875,3
2024-02-29,ZNU24,ZNU,42002321,110.96875,3
2024-03-01,ZNU24,ZNU,42002321,111.53125,3
2024-03-04,ZNU24,ZNU,42002321,111.25,3
2024-03-05,ZNU24,ZNU,42002321,111.765625,3
2024-03-06,ZNU24,ZNU,42002321,111.890625,3
2024-03-07,ZNU24,ZNU,42002321,112.0625,3
2024-03-08,ZNU24,ZNU,42002321,112.15625,3
2024-03-11,ZNU24,ZNU,42002321,111.984375,3
2024-03-12,ZNU24,ZNU,42002321,111.5625,3
2024-03-13,ZNU24,ZNU,42002321,111.34375,3
2024-03-14,ZNU24,ZNU,42002321,110.640625,3
2024-03-15,ZNU24,ZNU,42002321,110.546875,3
2024-03-18,ZNU24,ZNU,42002321,110.28125,3
2024-03-19,ZNU24,ZNU,42002321,110.59375,3
2024-03-20,ZNU24,ZNU,42002321,110.90625,3
2024-03-21,ZNU24,ZNU,42002321,110.796875,3
2024-03-22,ZNU24,ZNU,42002321,111.171875,3
2024-03-25,ZNU24,ZNU,42002321,110.875,3
2024-03-26,ZNU24,ZNU,42002321,111.0,3
2024-03-27,ZNU24,ZNU,42002321,111.28125,3
2024-03-28,ZNU24,ZNU,42002321,111.171875,3
2024-04-01,ZNU24,ZNU,42002321,110.28125,3
2024-04-02,ZNU24,ZNU,42002321,110.0625,3
2024-04-03,ZNU24,ZNU,42002321,110.140625,3
2024-04-04,ZNU24,ZNU,42002321,110.484375,3
2024-04-05,ZNU24,ZNU,42002321,109.96875,3
2024-04-08,ZNU24,ZNU,42002321,109.59375,3
2024-04-09,ZNU24,ZNU,42002321,109.96875,3
2024-04-10,ZNU24,ZNU,42002321,108.515625,3
2024-04-11,ZNU24,ZNU,42002321,108.421875,3
2024-04-12,ZNU24,ZNU,42002321,109.0,3
2024-04-15,ZNU24,ZNU,42002321,108.15625,3
2024-04-16,ZNU24,ZNU,42002321,107.9375,3
2024-04-17,ZNU24,ZNU,42002321,108.421875,3
2024-04-18,ZNU24,ZNU,42002321,107.96875,3
2024-04-19,ZNU24,ZNU,42002321,108.15625,2
2024-04-22,ZNU24,ZNU,42002321,108.109375,3
2024-04-23,ZNU24,ZNU,42002321,108.328125,3
2024-04-24,ZNU24,ZNU,42002321,107.984375,3
2024-04-25,ZNU24,ZNU,42002321,107.609375,3
2024-04-26,ZNU24,ZNU,42002321,107.828125,3
2024-04-29,ZNU24,ZNU,42002321,108.203125,3
2024-04-30,ZNU24,ZNU,42002321,107.671875,3
2024-05-01,ZNU24,ZNU,42002321,108.359375,3
2024-05-02,ZNU24,ZNU,42002321,108.625,3
2024-05-03,ZNU24,ZNU,42002321,109.109375,3
2024-05-06,ZNU24,ZNU,42002321,109.140625,3
2024-05-07,ZNU24,ZNU,42002321,109.265625,3
2024-05-08,ZNU24,ZNU,42002321,109.078125,3
2024-05-09,ZNU24,ZNU,42002321,109.34375,3
2024-05-10,ZNU24,ZNU,42002321,108.953125,3
2024-05-13,ZNU24,ZNU,42002321,109.09375,3
2024-05-14,ZNU24,ZNU,42002321,109.359375,3
2024-05-15,ZNU24,ZNU,42002321,110.0,3
2024-05-16,ZNU24,ZNU,42002321,109.78125,3
2024-05-17,ZNU24,ZNU,42002321,109.484375,3
2024-05-20,ZNU24,ZNU,42002321,109.375,3
2024-05-21,ZNU24,ZNU,42002321,109.53125,3
2024-05-22,ZNU24,ZNU,42002321,109.328125,3
2024-05-23,ZNU24,ZNU,42002321,109.03125,3
2024-05-24,ZNU24,ZNU,42002321,109.015625,3
2024-05-28,ZNU24,ZNU,42002321,108.609375,3
2024-05-29,ZNU24,ZNU,42002321,108.0625,3
2024-05-30,ZNU24,ZNU,42002321,108.546875,3
2024-05-31,ZNU24,ZNU,42002321,108.796875,3
2024-06-03,ZNU24,ZNU,42002321,109.5625,3
2024-06-04,ZNU24,ZNU,42002321,110.015625,3
2024-06-05,ZNU24,ZNU,42002321,110.296875,3
2024-06-06,ZNU24,ZNU,42002321,110.359375,3
2024-06-07,ZNU24,ZNU,42002321,109.3125,3
2024-06-10,ZNU24,ZNU,42002321,109.09375,3
2024-06-11,ZNU24,ZNU,42002321,109.546875,3
2024-06-12,ZNU24,ZNU,42002321,110.3125,3
2024-06-13,ZNU24,ZNU,42002321,110.71875,3
2024-06-14,ZNU24,ZNU,42002321,110.84375,3
2024-06-17,ZNU24,ZNU,42002321,110.40625,3
2024-06-18,ZNU24,ZNU,42002321,110.796875,3
2024-06-20,ZNU24,ZNU,42002321,110.546875,3
2024-06-21,ZNU24,ZNU,42002321,110.5,3
2024-06-24,ZNU24,ZNU,42002321,110.53125,3
2024-06-25,ZNU24,ZNU,42002321,110.59375,3
2024-06-26,ZNU24,ZNU,42002321,110.0625,3
2024-06-27,ZNU24,ZNU,42002321,110.25,3
2024-06-28,ZNU24,ZNU,42002321,109.984375,3
2024-07-01,ZNU24,ZNU,42002321,109.171875,3
2024-07-02,ZNU24,ZNU,42002321,109.46875,3
2024-07-03,ZNU24,ZNU,42002321,110.046875,3
2024-07-05,ZNU24,ZNU,42002321,110.609375,3
2024-07-08,ZNU24,ZNU,42002321,110.59375,3
2024-07-09,ZNU24,ZNU,42002321,110.40625,3
2024-07-10,ZNU24,ZNU,42002321,110.5,3
2024-07-11,ZNU24,ZNU,42002321,111.15625,3
2024-07-12,ZNU24,ZNU,42002321,111.1875,3
2024-07-15,ZNU24,ZNU,42002321,110.984375,3
2024-07-16,ZNU24,ZNU,42002321,111.328125,3
2024-07-17,ZNU24,ZNU,42002321,111.4375,3
2024-07-18,ZNU24,ZNU,42002321,111.21875,3
2024-07-19,ZNU24,ZNU,42002321,110.828125,3
2024-07-22,ZNU24,ZNU,42002321,110.71875,3
2024-07-23,ZNU24,ZNU,42002321,110.875,3
2024-07-24,ZNU24,ZNU,42002321,110.671875,3
2024-07-25,ZNU24,ZNU,42002321,110.796875,3
2024-07-26,ZNU24,ZNU,42002321,111.203125,3
2024-07-29,ZNU24,ZNU,42002321,111.34375,3
2024-07-30,ZNU24,ZNU,42002321,111.5625,3
2024-07-31,ZNU24,ZNU,42002321,111.8125,3
2024-08-01,ZNU24,ZNU,42002321,112.734375,3
2024-08-02,ZNU24,ZNU,42002321,114.140625,3
2024-08-05,ZNU24,ZNU,42002321,114.078125,3
2024-08-06,ZNU24,ZNU,42002321,113.390625,3
2024-08-07,ZNU24,ZNU,42002321,112.890625,3
2024-08-08,ZNU24,ZNU,42002321,112.65625,3
2024-08-09,ZNU24,ZNU,42002321,112.953125,3
2024-08-12,ZNU24,ZNU,42002321,113.234375,3
2024-08-13,ZNU24,ZNU,42002321,113.625,3
2024-08-14,ZNU24,ZNU,42002321,113.765625,3
2024-08-15,ZNU24,ZNU,42002321,112.953125,3
2024-08-16,ZNU24,ZNU,42002321,113.109375,3
2024-08-19,ZNU24,ZNU,42002321,113.21875,3
2024-08-20,ZNU24,ZNU,42002321,113.5625,3
2024-08-21,ZNU24,ZNU,42002321,113.890625,3
2024-08-22,ZNU24,ZNU,42002321,113.296875,3
2024-08-23,ZNU24,ZNU,42002321,113.703125,3
2024-08-26,ZNU24,ZNU,42002321,113.59375,3
2024-08-27,ZNU24,ZNU,42002321,113.515625,3
2024-08-28,ZNU24,ZNU,42002321,113.53125,3
2024-08-29,ZNU24,ZNU,42002321,113.3125,3
2024-08-30,ZNU24,ZNU,42002321,113.046875,3
2024-09-03,ZNU24,ZNU,42002321,113.484375,3
2024-09-04,ZNU24,ZNU,42002321,114.03125,3
2024-09-05,ZNU24,ZNU,42002321,114.234375,3
2024-09-06,ZNU24,ZNU,42002321,114.515625,3
2024-09-09,ZNU24,ZNU,42002321,114.515625,3
2024-09-10,ZNU24,ZNU,42002321,114.921875,3
2024-09-11,ZNU24,ZNU,42002321,114.78125,3
2024-09-12,ZNU24,ZNU,42002321,114.6875,3
2024-09-13,ZNU24,ZNU,42002321,114.921875,3
2024-09-16,ZNU24,ZNU,42002321,115.078125,3
2024-09-17,ZNU24,ZNU,42002321,114.921875,3
2024-09-18,ZNU24,ZNU,42002321,114.640625,3
2024-09-19,ZNU24,ZNU,42002321,114.328125,2
2024-12-19,ZNU25,ZNU,42066706,108.578125,3
2024-12-20,ZNU25,ZNU,42066706,108.90625,3
2024-12-23,ZNU25,ZNU,42066706,108.40625,3
2024-12-24,ZNU25,ZNU,42066706,108.5,3
2024-12-26,ZNU25,ZNU,42066706,108.59375,3
2024-12-27,ZNU25,ZNU,42066706,108.359375,3
2024-12-30,ZNU25,ZNU,42066706,108.890625,3
2024-12-31,ZNU25,ZNU,42066706,108.6875,3
2025-01-02,ZNU25,ZNU,42066706,108.765625,3
2025-01-03,ZNU25,ZNU,42066706,108.59375,3
2025-01-06,ZNU25,ZNU,42066706,108.484375,3
2025-01-07,ZNU25,ZNU,42066706,108.125,3
2025-01-08,ZNU25,ZNU,42066706,108.0625,3
2025-01-09,ZNU25,ZNU,42066706,108.15625,3
2025-01-10,ZNU25,ZNU,42066706,107.3125,3
2025-01-13,ZNU25,ZNU,42066706,107.15625,2
2025-01-14,ZNU25,ZNU,42066706,107.28125,3
2025-01-15,ZNU25,ZNU,42066706,108.25,3
2025-01-16,ZNU25,ZNU,42066706,108.546875,3
2025-01-17,ZNU25,ZNU,42066706,108.46875,3
2025-01-21,ZNU25,ZNU,42066706,108.578125,3
2025-01-22,ZNU25,ZNU,42066706,108.421875,3
2025-01-23,ZNU25,ZNU,42066706,108.21875,3
2025-01-24,ZNU25,ZNU,42066706,108.3125,3
2025-01-27,ZNU25,ZNU,42066706,109.015625,3
2025-01-28,ZNU25,ZNU,42066706,108.890625,3
2025-01-29,ZNU25,ZNU,42066706,108.8125,3
2025-01-30,ZNU25,ZNU,42066706,109.109375,3
2025-01-31,ZNU25,ZNU,42066706,108.734375,3
2025-02-03,ZNU25,ZNU,42066706,108.859375,3
2025-02-04,ZNU25,ZNU,42066706,109.109375,3
2025-02-05,ZNU25,ZNU,42066706,109.671875,3
2025-02-06,ZNU25,ZNU,42066706,109.5,3
2025-02-07,ZNU25,ZNU,42066706,109.140625,3
2025-02-10,ZNU25,ZNU,42066706,109.125,3
2025-02-11,ZNU25,ZNU,42066706,108.890625,3
2025-02-12,ZNU25,ZNU,42066706,108.203125,3
2025-02-13,ZNU25,ZNU,42066706,108.921875,3
2025-02-14,ZNU25,ZNU,42066706,109.3125,3
2025-02-18,ZNU25,ZNU,42066706,108.828125,3
2025-02-19,ZNU25,ZNU,42066706,108.953125,3
2025-02-20,ZNU25,ZNU,42066706,109.171875,3
2025-02-21,ZNU25,ZNU,42066706,109.6875,3
2025-02-24,ZNU25,ZNU,42066706,109.890625,3
2025-02-25,ZNU25,ZNU,42066706,110.546875,3
2025-02-26,ZNU25,ZNU,42066706,110.921875,3
2025-02-27,ZNU25,ZNU,42066706,110.671875,3
2025-02-28,ZNU25,ZNU,42066706,111.125,3
2025-03-03,ZNU25,ZNU,42066706,111.4375,3
2025-03-04,ZNU25,ZNU,42066706,111.28125,3
2025-03-05,ZNU25,ZNU,42066706,110.90625,3
2025-03-06,ZNU25,ZNU,42066706,110.828125,3
2025-03-07,ZNU25,ZNU,42066706,110.609375,3
2025-03-10,ZNU25,ZNU,42066706,111.359375,3
2025-03-11,ZNU25,ZNU,42066706,110.90625,3
2025-03-12,ZNU25,ZNU,42066706,110.703125,3
2025-03-13,ZNU25,ZNU,42066706,111.0,3
2025-03-14,ZNU25,ZNU,42066706,110.703125,3
2025-03-17,ZNU25,ZNU,42066706,110.671875,3
2025-03-18,ZNU25,ZNU,42066706,110.859375,3
2025-03-19,ZNU25,ZNU,42066706,111.0625,3
2025-03-20,ZNU25,ZNU,42066706,111.234375,3
2025-03-21,ZNU25,ZNU,42066706,111.15625,3
2025-03-24,ZNU25,ZNU,42066706,110.609375,3
2025-03-25,ZNU25,ZNU,42066706,110.796875,3
2025-03-26,ZNU25,ZNU,42066706,110.609375,3
2025-03-27,ZNU25,ZNU,42066706,110.453125,3
2025-03-28,ZNU25,ZNU,42066706,111.265625,3
2025-03-31,ZNU25,ZNU,42066706,111.28125,3
2025-04-01,ZNU25,ZNU,42066706,111.875,3
2025-04-02,ZNU25,ZNU,42066706,111.609375,3
2025-04-03,ZNU25,ZNU,42066706,112.796875,3
2025-04-04,ZNU25,ZNU,42066706,113.265625,3
2025-04-07,ZNU25,ZNU,42066706,112.234375,3
2025-04-08,ZNU25,ZNU,42066706,111.515625,3
2025-04-09,ZNU25,ZNU,42066706,110.328125,3
2025-04-10,ZNU25,ZNU,42066706,110.640625,3
2025-04-11,ZNU25,ZNU,42066706,109.75,3
2025-04-14,ZNU25,ZNU,42066706,110.796875,3
2025-04-15,ZNU25,ZNU,42066706,111.109375,3
2025-04-16,ZNU25,ZNU,42066706,111.5,3
2025-04-17,ZNU25,ZNU,42066706,111.21875,3
2025-04-21,ZNU25,ZNU,42066706,110.828125,3
2025-04-22,ZNU25,ZNU,42066706,110.8125,3
2025-04-23,ZNU25,ZNU,42066706,110.703125,3
2025-04-24,ZNU25,ZNU,42066706,111.28125,3
2025-04-25,ZNU25,ZNU,42066706,111.609375,3
2025-04-28,ZNU25,ZNU,42066706,112.03125,3
2025-04-29,ZNU25,ZNU,42066706,112.28125,3
2025-04-30,ZNU25,ZNU,42066706,112.34375,3
2025-05-01,ZNU25,ZNU,42066706,111.96875,3
2025-05-02,ZNU25,ZNU,42066706,111.25,3
2025-05-05,ZNU25,ZNU,42066706,111.15625,3
2025-05-06,ZNU25,ZNU,42066706,111.40625,3
2025-05-07,ZNU25,ZNU,42066706,111.65625,3
2025-05-08,ZNU25,ZNU,42066706,110.875,3
2025-05-09,ZNU25,ZNU,42066706,110.890625,3
2025-05-12,ZNU25,ZNU,42066706,110.21875,3
2025-05-13,ZNU25,ZNU,42066706,110.0,3
2025-05-14,ZNU25,ZNU,42066706,109.734375,3
2025-05-15,ZNU25,ZNU,42066706,110.28125,3
2025-05-16,ZNU25,ZNU,42066706,110.375,3
2025-05-19,ZNU25,ZNU,42066706,110.171875,3
2025-05-20,ZNU25,ZNU,42066706,110.25,3
2025-05-21,ZNU25,ZNU,42066706,109.5,3
2025-05-22,ZNU25,ZNU,42066706,109.859375,3
2025-05-23,ZNU25,ZNU,42066706,110.125,3
2025-05-27,ZNU25,ZNU,42066706,110.5625,3
2025-05-28,ZNU25,ZNU,42066706,110.25,3
2025-05-29,ZNU25,ZNU,42066706,110.6875,3
2025-05-30,ZNU25,ZNU,42066706,110.75,3
2025-06-02,ZNU25,ZNU,42066706,110.46875,3
2025-06-03,ZNU25,ZNU,42066706,110.453125,3
2025-06-04,ZNU25,ZNU,42066706,111.109375,3
2025-06-05,ZNU25,ZNU,42066706,110.796875,3
2025-06-06,ZNU25,ZNU,42066706,109.90625,3
2025-06-09,ZNU25,ZNU,42066706,110.15625,3
2025-06-10,ZNU25,ZNU,42066706,110.203125,3
2025-06-11,ZNU25,ZNU,42066706,110.6875,3
2025-06-12,ZNU25,ZNU,42066706,111.0625,3
2025-06-13,ZNU25,ZNU,42066706,110.609375,3
2025-06-16,ZNU25,ZNU,42066706,110.484375,3
2025-06-17,ZNU25,ZNU,42066706,110.84375,2
2025-06-18,ZNU25,ZNU,42066706,110.796875,3
2025-06-20,ZNU25,ZNU,42066706,110.984375,2
2025-06-23,ZNU25,ZNU,42066706,111.453125,3
2025-06-24,ZNU25,ZNU,42066706,111.65625,3
2025-06-25,ZNU25,ZNU,42066706,111.6875,3
2025-06-26,ZNU25,ZNU,42066706,112.015625,3
2025-06-27,ZNU25,ZNU,42066706,111.8125,3
2025-06-30,ZNU25,ZNU,42066706,112.125,3
2025-07-01,ZNU25,ZNU,42066706,111.859375,3
2025-07-02,ZNU25,ZNU,42066706,111.625,3
2025-07-03,ZNU25,ZNU,42066706,111.21875,3
2025-07-07,ZNU25,ZNU,42066706,110.921875,3
2025-07-08,ZNU25,ZNU,42066706,110.78125,3
2025-07-09,ZNU25,ZNU,42066706,111.265625,3
2025-07-10,ZNU25,ZNU,42066706,111.21875,3
2025-07-11,ZNU25,ZNU,42066706,110.71875,3
2025-07-14,ZNU25,ZNU,42066706,110.765625,3
2025-07-15,ZNU25,ZNU,42066706,110.28125,3
2025-07-16,ZNU25,ZNU,42066706,110.625,3
2025-07-17,ZNU25,ZNU,42066706,110.515625,3
2025-07-18,ZNU25,ZNU,42066706,110.78125,3
2025-07-21,ZNU25,ZNU,42066706,111.1875,3
2025-07-22,ZNU25,ZNU,42066706,111.40625,3
2025-07-23,ZNU25,ZNU,42066706,111.015625,3
2025-07-24,ZNU25,ZNU,42066706,110.828125,3
2025-07-25,ZNU25,ZNU,42066706,110.984375,3
2025-07-28,ZNU25,ZNU,42066706,110.765625,3
2025-07-29,ZNU25,ZNU,42066706,111.359375,3
2025-07-30,ZNU25,ZNU,42066706,111.0,3
2025-07-31,ZNU25,ZNU,42066706,111.0625,3
2025-08-01,ZNU25,ZNU,42066706,112.203125,2
2025-08-04,ZNU25,ZNU,42066706,112.375,3
2025-08-05,ZNU25,ZNU,42066706,112.296875,3
2025-08-06,ZNU25,ZNU,42066706,112.234375,3
2025-08-07,ZNU25,ZNU,42066706,112.09375,3
2025-08-08,ZNU25,ZNU,42066706,111.828125,3
2025-08-11,ZNU25,ZNU,42066706,111.890625,3
2025-08-12,ZNU25,ZNU,42066706,111.8125,3
2025-08-13,ZNU25,ZNU,42066706,112.171875,3
2025-08-14,ZNU25,ZNU,42066706,111.796875,3
2025-08-15,ZNU25,ZNU,42066706,111.59375,3
2025-08-18,ZNU25,ZNU,42066706,111.515625,3
2025-08-19,ZNU25,ZNU,42066706,111.765625,3
2025-08-20,ZNU25,ZNU,42066706,111.859375,3
2025-08-21,ZNU25,ZNU,42066706,111.546875,3
2025-08-22,ZNU25,ZNU,42066706,112.140625,3
2025-08-25,ZNU25,ZNU,42066706,111.96875,3
2025-08-26,ZNU25,ZNU,42066706,112.203125,3
2025-08-27,ZNU25,ZNU,42066706,112.40625,3
2025-08-28,ZNU25,ZNU,42066706,112.53125,3
2025-08-29,ZNU25,ZNU,42066706,112.453125,3
2025-09-02,ZNU25,ZNU,42066706,112.140625,3
2025-09-03,ZNU25,ZNU,42066706,112.59375,3
2025-09-04,ZNU25,ZNU,42066706,112.828125,3
2025-09-05,ZNU25,ZNU,42066706,113.359375,3
2025-09-08,ZNU25,ZNU,42066706,113.5,3
2025-09-09,ZNU25,ZNU,42066706,113.3125,3
2025-09-10,ZNU25,ZNU,42066706,113.515625,3
2025-09-11,ZNU25,ZNU,42066706,113.59375,3
2025-09-12,ZNU25,ZNU,42066706,113.25,3
2025-09-15,ZNU25,ZNU,42066706,113.40625,3
2025-09-16,ZNU25,ZNU,42066706,113.515625,3
2025-09-17,ZNU25,ZNU,42066706,113.09375,3
2025-09-18,ZNU25,ZNU,42066706,112.96875,3
2025-09-19,ZNU25,ZNU,42066706,112.828125,2
2025-12-19,ZNU25,ZNU,42001136,112.28125,3
2025-12-22,ZNU25,ZNU,42001136,112.125,3
2025-12-23,ZNU25,ZNU,42001136,112.09375,3
2025-12-24,ZNU25,ZNU,42001136,112.296875,3
2025-12-26,ZNU25,ZNU,42001136,112.359375,3
2025-12-29,ZNU25,ZNU,42001136,112.5,3
2025-12-30,ZNU25,ZNU,42001136,112.421875,3
2025-12-31,ZNU25,ZNU,42001136,112.21875,3
